case_id,consent_obtained,de_identified,hosted_inference_approved,consent_evidence_reference,de_identification_evidence_reference,hosted_inference_approval_evidence_reference,audio_presence_status,audio_presence_evidence_reference,audio_checksum_sha256,audio_checksum_evidence_reference
CS-01,unknown,unknown,unknown,,,,file_present_provenance_unverified,,,
CS-02,unknown,unknown,unknown,,,,file_present_provenance_unverified,,,
CS-03,unknown,unknown,unknown,,,,file_present_provenance_unverified,,,
CS-04,unknown,unknown,unknown,,,,file_present_provenance_unverified,,,
CS-05,unknown,unknown,unknown,,,,file_present_provenance_unverified,,,
CS-06,unknown,unknown,unknown,,,,file_present_provenance_unverified,,,
CS-07,unknown,unknown,unknown,,,,file_present_provenance_unverified,,,
CS-08,unknown,unknown,unknown,,,,file_present_provenance_unverified,,,
CS-09,unknown,unknown,unknown,,,,file_present_provenance_unverified,,,
CS-10,unknown,unknown,unknown,,,,file_present_provenance_unverified,,,
CS-11,unknown,unknown,unknown,,,,file_present_provenance_unverified,,,
CS-12,unknown,unknown,unknown,,,,file_present_provenance_unverified,,,
CS-13,unknown,unknown,unknown,,,,file_present_provenance_unverified,,,
CS-14,unknown,unknown,unknown,,,,file_present_provenance_unverified,,,
CS-15,unknown,unknown,unknown,,,,file_present_provenance_unverified,,,
CS-16,unknown,unknown,unknown,,,,file_present_provenance_unverified,,,
CS-17,unknown,unknown,unknown,,,,file_present_provenance_unverified,,,
CS-18,unknown,unknown,unknown,,,,file_present_provenance_unverified,,,
CS-19,unknown,unknown,unknown,,,,file_present_provenance_unverified,,,
CS-20,unknown,unknown,unknown,,,,file_present_provenance_unverified,,,
CS-21,unknown,unknown,unknown,,,,file_present_provenance_unverified,,,
CS-22,unknown,unknown,unknown,,,,file_present_provenance_unverified,,,
CS-23,unknown,unknown,unknown,,,,file_present_provenance_unverified,,,
CS-24,unknown,unknown,unknown,,,,file_present_provenance_unverified,,,
CS-25,unknown,unknown,unknown,,,,file_present_provenance_unverified,,,
CS-26,unknown,unknown,unknown,,,,file_present_provenance_unverified,,,
CS-27,unknown,unknown,unknown,,,,file_present_provenance_unverified,,,
CS-28,unknown,unknown,unknown,,,,file_present_provenance_unverified,,,
CS-29,unknown,unknown,unknown,,,,file_present_provenance_unverified,,,
CS-30,unknown,unknown,unknown,,,,file_present_provenance_unverified,,,
CS-31,unknown,unknown,unknown,,,,file_present_provenance_unverified,,,
CS-32,unknown,unknown,unknown,,,,file_present_provenance_unverified,,,
CS-33,unknown,unknown,unknown,,,,file_present_provenance_unverified,,,
CS-34,unknown,unknown,unknown,,,,file_present_provenance_unverified,,,
CS-35,unknown,unknown,unknown,,,,file_present_provenance_unverified,,,
CS-36,unknown,unknown,unknown,,,,file_present_provenance_unverified,,,
CS-37,unknown,unknown,unknown,,,,file_present_provenance_unverified,,,
CS-38,unknown,unknown,unknown,,,,file_present_provenance_unverified,,,
CS-39,unknown,unknown,unknown,,,,file_present_provenance_unverified,,,
CS-40,unknown,unknown,unknown,,,,file_present_provenance_unverified,,,
CS-41,unknown,unknown,unknown,,,,file_present_provenance_unverified,,,
CS-42,unknown,unknown,unknown,,,,file_present_provenance_unverified,,,
CS-43,unknown,unknown,unknown,,,,file_present_provenance_unverified,,,
CS-44,unknown,unknown,unknown,,,,file_present_provenance_unverified,,,
CS-45,unknown,unknown,unknown,,,,file_present_provenance_unverified,,,
CS-46,unknown,unknown,unknown,,,,file_present_provenance_unverified,,,
CS-47,unknown,unknown,unknown,,,,file_present_provenance_unverified,,,
CS-48,unknown,unknown,unknown,,,,file_present_provenance_unverified,,,
CS-49,unknown,unknown,unknown,,,,file_present_provenance_unverified,,,
CS-50,unknown,unknown,unknown,,,,file_present_provenance_unverified,,,
CS-51,unknown,unknown,unknown,,,,file_present_provenance_unverified,,,
CS-52,unknown,unknown,unknown,,,,file_present_provenance_unverified,,,
CS-53,unknown,unknown,unknown,,,,file_present_provenance_unverified,,,
CS-54,unknown,unknown,unknown,,,,file_present_provenance_unverified,,,
CS-55,unknown,unknown,unknown,,,,file_present_provenance_unverified,,,
CS-56,unknown,unknown,unknown,,,,file_present_provenance_unverified,,,
CS-57,unknown,unknown,unknown,,,,file_present_provenance_unverified,,,
CS-58,unknown,unknown,unknown,,,,file_present_provenance_unverified,,,
CS-59,unknown,unknown,unknown,,,,file_present_provenance_unverified,,,
CS-60,unknown,unknown,unknown,,,,file_present_provenance_unverified,,,
CS-61,unknown,unknown,unknown,,,,file_present_provenance_unverified,,,
CS-62,unknown,unknown,unknown,,,,file_present_provenance_unverified,,,
CS-63,unknown,unknown,unknown,,,,file_present_provenance_unverified,,,
CS-64,unknown,unknown,unknown,,,,file_present_provenance_unverified,,,
CS-65,unknown,unknown,unknown,,,,file_present_provenance_unverified,,,
CS-66,unknown,unknown,unknown,,,,file_present_provenance_unverified,,,
CS-67,unknown,unknown,unknown,,,,file_present_provenance_unverified,,,
CS-68,unknown,unknown,unknown,,,,file_present_provenance_unverified,,,
CS-69,unknown,unknown,unknown,,,,file_present_provenance_unverified,,,
CS-70,unknown,unknown,unknown,,,,file_present_provenance_unverified,,,
CS-71,unknown,unknown,unknown,,,,file_present_provenance_unverified,,,
CS-72,unknown,unknown,unknown,,,,file_present_provenance_unverified,,,
CS-73,unknown,unknown,unknown,,,,file_present_provenance_unverified,,,
CS-74,unknown,unknown,unknown,,,,file_present_provenance_unverified,,,
CS-75,unknown,unknown,unknown,,,,file_present_provenance_unverified,,,
CS-76,unknown,unknown,unknown,,,,file_present_provenance_unverified,,,
CS-77,unknown,unknown,unknown,,,,file_present_provenance_unverified,,,
CS-78,unknown,unknown,unknown,,,,file_present_provenance_unverified,,,
CS-79,unknown,unknown,unknown,,,,file_present_provenance_unverified,,,
CS-80,unknown,unknown,unknown,,,,file_present_provenance_unverified,,,
CS-81,unknown,unknown,unknown,,,,file_present_provenance_unverified,,,
CS-82,unknown,unknown,unknown,,,,file_present_provenance_unverified,,,
CS-83,unknown,unknown,unknown,,,,file_present_provenance_unverified,,,
CS-84,unknown,unknown,unknown,,,,file_present_provenance_unverified,,,
CS-85,unknown,unknown,unknown,,,,file_present_provenance_unverified,,,
CS-86,unknown,unknown,unknown,,,,file_present_provenance_unverified,,,
CS-87,unknown,unknown,unknown,,,,file_present_provenance_unverified,,,
CS-88,unknown,unknown,unknown,,,,file_present_provenance_unverified,,,
CS-89,unknown,unknown,unknown,,,,file_present_provenance_unverified,,,
CS-90,unknown,unknown,unknown,,,,file_present_provenance_unverified,,,
CS-91,unknown,unknown,unknown,,,,file_present_provenance_unverified,,,
CS-92,unknown,unknown,unknown,,,,file_present_provenance_unverified,,,
CS-93,unknown,unknown,unknown,,,,file_present_provenance_unverified,,,
CS-94,unknown,unknown,unknown,,,,file_present_provenance_unverified,,,
CS-95,unknown,unknown,unknown,,,,file_present_provenance_unverified,,,
CS-96,unknown,unknown,unknown,,,,file_present_provenance_unverified,,,
CS-97,unknown,unknown,unknown,,,,file_present_provenance_unverified,,,
CS-98,unknown,unknown,unknown,,,,file_present_provenance_unverified,,,
CS-99,unknown,unknown,unknown,,,,file_present_provenance_unverified,,,
CS-100,unknown,unknown,unknown,,,,file_present_provenance_unverified,,,
