case_id,consent_reference_expected,de_identification_reference_expected,hosted_inference_reference_expected
CS-01,evidence://<controlled-store>/<dataset-version>/consent/CS-01/<actual-consent-record-id>,evidence://<controlled-store>/<dataset-version>/de-identification/CS-01/<actual-review-record-id>,evidence://<controlled-store>/<dataset-version>/hosted-inference/intron/CS-01/<actual-approval-record-id>
CS-02,evidence://<controlled-store>/<dataset-version>/consent/CS-02/<actual-consent-record-id>,evidence://<controlled-store>/<dataset-version>/de-identification/CS-02/<actual-review-record-id>,evidence://<controlled-store>/<dataset-version>/hosted-inference/intron/CS-02/<actual-approval-record-id>
CS-03,evidence://<controlled-store>/<dataset-version>/consent/CS-03/<actual-consent-record-id>,evidence://<controlled-store>/<dataset-version>/de-identification/CS-03/<actual-review-record-id>,evidence://<controlled-store>/<dataset-version>/hosted-inference/intron/CS-03/<actual-approval-record-id>
CS-04,evidence://<controlled-store>/<dataset-version>/consent/CS-04/<actual-consent-record-id>,evidence://<controlled-store>/<dataset-version>/de-identification/CS-04/<actual-review-record-id>,evidence://<controlled-store>/<dataset-version>/hosted-inference/intron/CS-04/<actual-approval-record-id>
CS-05,evidence://<controlled-store>/<dataset-version>/consent/CS-05/<actual-consent-record-id>,evidence://<controlled-store>/<dataset-version>/de-identification/CS-05/<actual-review-record-id>,evidence://<controlled-store>/<dataset-version>/hosted-inference/intron/CS-05/<actual-approval-record-id>
CS-06,evidence://<controlled-store>/<dataset-version>/consent/CS-06/<actual-consent-record-id>,evidence://<controlled-store>/<dataset-version>/de-identification/CS-06/<actual-review-record-id>,evidence://<controlled-store>/<dataset-version>/hosted-inference/intron/CS-06/<actual-approval-record-id>
CS-07,evidence://<controlled-store>/<dataset-version>/consent/CS-07/<actual-consent-record-id>,evidence://<controlled-store>/<dataset-version>/de-identification/CS-07/<actual-review-record-id>,evidence://<controlled-store>/<dataset-version>/hosted-inference/intron/CS-07/<actual-approval-record-id>
CS-08,evidence://<controlled-store>/<dataset-version>/consent/CS-08/<actual-consent-record-id>,evidence://<controlled-store>/<dataset-version>/de-identification/CS-08/<actual-review-record-id>,evidence://<controlled-store>/<dataset-version>/hosted-inference/intron/CS-08/<actual-approval-record-id>
CS-09,evidence://<controlled-store>/<dataset-version>/consent/CS-09/<actual-consent-record-id>,evidence://<controlled-store>/<dataset-version>/de-identification/CS-09/<actual-review-record-id>,evidence://<controlled-store>/<dataset-version>/hosted-inference/intron/CS-09/<actual-approval-record-id>
CS-10,evidence://<controlled-store>/<dataset-version>/consent/CS-10/<actual-consent-record-id>,evidence://<controlled-store>/<dataset-version>/de-identification/CS-10/<actual-review-record-id>,evidence://<controlled-store>/<dataset-version>/hosted-inference/intron/CS-10/<actual-approval-record-id>
CS-11,evidence://<controlled-store>/<dataset-version>/consent/CS-11/<actual-consent-record-id>,evidence://<controlled-store>/<dataset-version>/de-identification/CS-11/<actual-review-record-id>,evidence://<controlled-store>/<dataset-version>/hosted-inference/intron/CS-11/<actual-approval-record-id>
CS-12,evidence://<controlled-store>/<dataset-version>/consent/CS-12/<actual-consent-record-id>,evidence://<controlled-store>/<dataset-version>/de-identification/CS-12/<actual-review-record-id>,evidence://<controlled-store>/<dataset-version>/hosted-inference/intron/CS-12/<actual-approval-record-id>
CS-13,evidence://<controlled-store>/<dataset-version>/consent/CS-13/<actual-consent-record-id>,evidence://<controlled-store>/<dataset-version>/de-identification/CS-13/<actual-review-record-id>,evidence://<controlled-store>/<dataset-version>/hosted-inference/intron/CS-13/<actual-approval-record-id>
CS-14,evidence://<controlled-store>/<dataset-version>/consent/CS-14/<actual-consent-record-id>,evidence://<controlled-store>/<dataset-version>/de-identification/CS-14/<actual-review-record-id>,evidence://<controlled-store>/<dataset-version>/hosted-inference/intron/CS-14/<actual-approval-record-id>
CS-15,evidence://<controlled-store>/<dataset-version>/consent/CS-15/<actual-consent-record-id>,evidence://<controlled-store>/<dataset-version>/de-identification/CS-15/<actual-review-record-id>,evidence://<controlled-store>/<dataset-version>/hosted-inference/intron/CS-15/<actual-approval-record-id>
CS-16,evidence://<controlled-store>/<dataset-version>/consent/CS-16/<actual-consent-record-id>,evidence://<controlled-store>/<dataset-version>/de-identification/CS-16/<actual-review-record-id>,evidence://<controlled-store>/<dataset-version>/hosted-inference/intron/CS-16/<actual-approval-record-id>
CS-17,evidence://<controlled-store>/<dataset-version>/consent/CS-17/<actual-consent-record-id>,evidence://<controlled-store>/<dataset-version>/de-identification/CS-17/<actual-review-record-id>,evidence://<controlled-store>/<dataset-version>/hosted-inference/intron/CS-17/<actual-approval-record-id>
CS-18,evidence://<controlled-store>/<dataset-version>/consent/CS-18/<actual-consent-record-id>,evidence://<controlled-store>/<dataset-version>/de-identification/CS-18/<actual-review-record-id>,evidence://<controlled-store>/<dataset-version>/hosted-inference/intron/CS-18/<actual-approval-record-id>
CS-19,evidence://<controlled-store>/<dataset-version>/consent/CS-19/<actual-consent-record-id>,evidence://<controlled-store>/<dataset-version>/de-identification/CS-19/<actual-review-record-id>,evidence://<controlled-store>/<dataset-version>/hosted-inference/intron/CS-19/<actual-approval-record-id>
CS-20,evidence://<controlled-store>/<dataset-version>/consent/CS-20/<actual-consent-record-id>,evidence://<controlled-store>/<dataset-version>/de-identification/CS-20/<actual-review-record-id>,evidence://<controlled-store>/<dataset-version>/hosted-inference/intron/CS-20/<actual-approval-record-id>
CS-21,evidence://<controlled-store>/<dataset-version>/consent/CS-21/<actual-consent-record-id>,evidence://<controlled-store>/<dataset-version>/de-identification/CS-21/<actual-review-record-id>,evidence://<controlled-store>/<dataset-version>/hosted-inference/intron/CS-21/<actual-approval-record-id>
CS-22,evidence://<controlled-store>/<dataset-version>/consent/CS-22/<actual-consent-record-id>,evidence://<controlled-store>/<dataset-version>/de-identification/CS-22/<actual-review-record-id>,evidence://<controlled-store>/<dataset-version>/hosted-inference/intron/CS-22/<actual-approval-record-id>
CS-23,evidence://<controlled-store>/<dataset-version>/consent/CS-23/<actual-consent-record-id>,evidence://<controlled-store>/<dataset-version>/de-identification/CS-23/<actual-review-record-id>,evidence://<controlled-store>/<dataset-version>/hosted-inference/intron/CS-23/<actual-approval-record-id>
CS-24,evidence://<controlled-store>/<dataset-version>/consent/CS-24/<actual-consent-record-id>,evidence://<controlled-store>/<dataset-version>/de-identification/CS-24/<actual-review-record-id>,evidence://<controlled-store>/<dataset-version>/hosted-inference/intron/CS-24/<actual-approval-record-id>
CS-25,evidence://<controlled-store>/<dataset-version>/consent/CS-25/<actual-consent-record-id>,evidence://<controlled-store>/<dataset-version>/de-identification/CS-25/<actual-review-record-id>,evidence://<controlled-store>/<dataset-version>/hosted-inference/intron/CS-25/<actual-approval-record-id>
CS-26,evidence://<controlled-store>/<dataset-version>/consent/CS-26/<actual-consent-record-id>,evidence://<controlled-store>/<dataset-version>/de-identification/CS-26/<actual-review-record-id>,evidence://<controlled-store>/<dataset-version>/hosted-inference/intron/CS-26/<actual-approval-record-id>
CS-27,evidence://<controlled-store>/<dataset-version>/consent/CS-27/<actual-consent-record-id>,evidence://<controlled-store>/<dataset-version>/de-identification/CS-27/<actual-review-record-id>,evidence://<controlled-store>/<dataset-version>/hosted-inference/intron/CS-27/<actual-approval-record-id>
CS-28,evidence://<controlled-store>/<dataset-version>/consent/CS-28/<actual-consent-record-id>,evidence://<controlled-store>/<dataset-version>/de-identification/CS-28/<actual-review-record-id>,evidence://<controlled-store>/<dataset-version>/hosted-inference/intron/CS-28/<actual-approval-record-id>
CS-29,evidence://<controlled-store>/<dataset-version>/consent/CS-29/<actual-consent-record-id>,evidence://<controlled-store>/<dataset-version>/de-identification/CS-29/<actual-review-record-id>,evidence://<controlled-store>/<dataset-version>/hosted-inference/intron/CS-29/<actual-approval-record-id>
CS-30,evidence://<controlled-store>/<dataset-version>/consent/CS-30/<actual-consent-record-id>,evidence://<controlled-store>/<dataset-version>/de-identification/CS-30/<actual-review-record-id>,evidence://<controlled-store>/<dataset-version>/hosted-inference/intron/CS-30/<actual-approval-record-id>
CS-31,evidence://<controlled-store>/<dataset-version>/consent/CS-31/<actual-consent-record-id>,evidence://<controlled-store>/<dataset-version>/de-identification/CS-31/<actual-review-record-id>,evidence://<controlled-store>/<dataset-version>/hosted-inference/intron/CS-31/<actual-approval-record-id>
CS-32,evidence://<controlled-store>/<dataset-version>/consent/CS-32/<actual-consent-record-id>,evidence://<controlled-store>/<dataset-version>/de-identification/CS-32/<actual-review-record-id>,evidence://<controlled-store>/<dataset-version>/hosted-inference/intron/CS-32/<actual-approval-record-id>
CS-33,evidence://<controlled-store>/<dataset-version>/consent/CS-33/<actual-consent-record-id>,evidence://<controlled-store>/<dataset-version>/de-identification/CS-33/<actual-review-record-id>,evidence://<controlled-store>/<dataset-version>/hosted-inference/intron/CS-33/<actual-approval-record-id>
CS-34,evidence://<controlled-store>/<dataset-version>/consent/CS-34/<actual-consent-record-id>,evidence://<controlled-store>/<dataset-version>/de-identification/CS-34/<actual-review-record-id>,evidence://<controlled-store>/<dataset-version>/hosted-inference/intron/CS-34/<actual-approval-record-id>
CS-35,evidence://<controlled-store>/<dataset-version>/consent/CS-35/<actual-consent-record-id>,evidence://<controlled-store>/<dataset-version>/de-identification/CS-35/<actual-review-record-id>,evidence://<controlled-store>/<dataset-version>/hosted-inference/intron/CS-35/<actual-approval-record-id>
CS-36,evidence://<controlled-store>/<dataset-version>/consent/CS-36/<actual-consent-record-id>,evidence://<controlled-store>/<dataset-version>/de-identification/CS-36/<actual-review-record-id>,evidence://<controlled-store>/<dataset-version>/hosted-inference/intron/CS-36/<actual-approval-record-id>
CS-37,evidence://<controlled-store>/<dataset-version>/consent/CS-37/<actual-consent-record-id>,evidence://<controlled-store>/<dataset-version>/de-identification/CS-37/<actual-review-record-id>,evidence://<controlled-store>/<dataset-version>/hosted-inference/intron/CS-37/<actual-approval-record-id>
CS-38,evidence://<controlled-store>/<dataset-version>/consent/CS-38/<actual-consent-record-id>,evidence://<controlled-store>/<dataset-version>/de-identification/CS-38/<actual-review-record-id>,evidence://<controlled-store>/<dataset-version>/hosted-inference/intron/CS-38/<actual-approval-record-id>
CS-39,evidence://<controlled-store>/<dataset-version>/consent/CS-39/<actual-consent-record-id>,evidence://<controlled-store>/<dataset-version>/de-identification/CS-39/<actual-review-record-id>,evidence://<controlled-store>/<dataset-version>/hosted-inference/intron/CS-39/<actual-approval-record-id>
CS-40,evidence://<controlled-store>/<dataset-version>/consent/CS-40/<actual-consent-record-id>,evidence://<controlled-store>/<dataset-version>/de-identification/CS-40/<actual-review-record-id>,evidence://<controlled-store>/<dataset-version>/hosted-inference/intron/CS-40/<actual-approval-record-id>
CS-41,evidence://<controlled-store>/<dataset-version>/consent/CS-41/<actual-consent-record-id>,evidence://<controlled-store>/<dataset-version>/de-identification/CS-41/<actual-review-record-id>,evidence://<controlled-store>/<dataset-version>/hosted-inference/intron/CS-41/<actual-approval-record-id>
CS-42,evidence://<controlled-store>/<dataset-version>/consent/CS-42/<actual-consent-record-id>,evidence://<controlled-store>/<dataset-version>/de-identification/CS-42/<actual-review-record-id>,evidence://<controlled-store>/<dataset-version>/hosted-inference/intron/CS-42/<actual-approval-record-id>
CS-43,evidence://<controlled-store>/<dataset-version>/consent/CS-43/<actual-consent-record-id>,evidence://<controlled-store>/<dataset-version>/de-identification/CS-43/<actual-review-record-id>,evidence://<controlled-store>/<dataset-version>/hosted-inference/intron/CS-43/<actual-approval-record-id>
CS-44,evidence://<controlled-store>/<dataset-version>/consent/CS-44/<actual-consent-record-id>,evidence://<controlled-store>/<dataset-version>/de-identification/CS-44/<actual-review-record-id>,evidence://<controlled-store>/<dataset-version>/hosted-inference/intron/CS-44/<actual-approval-record-id>
CS-45,evidence://<controlled-store>/<dataset-version>/consent/CS-45/<actual-consent-record-id>,evidence://<controlled-store>/<dataset-version>/de-identification/CS-45/<actual-review-record-id>,evidence://<controlled-store>/<dataset-version>/hosted-inference/intron/CS-45/<actual-approval-record-id>
CS-46,evidence://<controlled-store>/<dataset-version>/consent/CS-46/<actual-consent-record-id>,evidence://<controlled-store>/<dataset-version>/de-identification/CS-46/<actual-review-record-id>,evidence://<controlled-store>/<dataset-version>/hosted-inference/intron/CS-46/<actual-approval-record-id>
CS-47,evidence://<controlled-store>/<dataset-version>/consent/CS-47/<actual-consent-record-id>,evidence://<controlled-store>/<dataset-version>/de-identification/CS-47/<actual-review-record-id>,evidence://<controlled-store>/<dataset-version>/hosted-inference/intron/CS-47/<actual-approval-record-id>
CS-48,evidence://<controlled-store>/<dataset-version>/consent/CS-48/<actual-consent-record-id>,evidence://<controlled-store>/<dataset-version>/de-identification/CS-48/<actual-review-record-id>,evidence://<controlled-store>/<dataset-version>/hosted-inference/intron/CS-48/<actual-approval-record-id>
CS-49,evidence://<controlled-store>/<dataset-version>/consent/CS-49/<actual-consent-record-id>,evidence://<controlled-store>/<dataset-version>/de-identification/CS-49/<actual-review-record-id>,evidence://<controlled-store>/<dataset-version>/hosted-inference/intron/CS-49/<actual-approval-record-id>
CS-50,evidence://<controlled-store>/<dataset-version>/consent/CS-50/<actual-consent-record-id>,evidence://<controlled-store>/<dataset-version>/de-identification/CS-50/<actual-review-record-id>,evidence://<controlled-store>/<dataset-version>/hosted-inference/intron/CS-50/<actual-approval-record-id>
CS-51,evidence://<controlled-store>/<dataset-version>/consent/CS-51/<actual-consent-record-id>,evidence://<controlled-store>/<dataset-version>/de-identification/CS-51/<actual-review-record-id>,evidence://<controlled-store>/<dataset-version>/hosted-inference/intron/CS-51/<actual-approval-record-id>
CS-52,evidence://<controlled-store>/<dataset-version>/consent/CS-52/<actual-consent-record-id>,evidence://<controlled-store>/<dataset-version>/de-identification/CS-52/<actual-review-record-id>,evidence://<controlled-store>/<dataset-version>/hosted-inference/intron/CS-52/<actual-approval-record-id>
CS-53,evidence://<controlled-store>/<dataset-version>/consent/CS-53/<actual-consent-record-id>,evidence://<controlled-store>/<dataset-version>/de-identification/CS-53/<actual-review-record-id>,evidence://<controlled-store>/<dataset-version>/hosted-inference/intron/CS-53/<actual-approval-record-id>
CS-54,evidence://<controlled-store>/<dataset-version>/consent/CS-54/<actual-consent-record-id>,evidence://<controlled-store>/<dataset-version>/de-identification/CS-54/<actual-review-record-id>,evidence://<controlled-store>/<dataset-version>/hosted-inference/intron/CS-54/<actual-approval-record-id>
CS-55,evidence://<controlled-store>/<dataset-version>/consent/CS-55/<actual-consent-record-id>,evidence://<controlled-store>/<dataset-version>/de-identification/CS-55/<actual-review-record-id>,evidence://<controlled-store>/<dataset-version>/hosted-inference/intron/CS-55/<actual-approval-record-id>
CS-56,evidence://<controlled-store>/<dataset-version>/consent/CS-56/<actual-consent-record-id>,evidence://<controlled-store>/<dataset-version>/de-identification/CS-56/<actual-review-record-id>,evidence://<controlled-store>/<dataset-version>/hosted-inference/intron/CS-56/<actual-approval-record-id>
CS-57,evidence://<controlled-store>/<dataset-version>/consent/CS-57/<actual-consent-record-id>,evidence://<controlled-store>/<dataset-version>/de-identification/CS-57/<actual-review-record-id>,evidence://<controlled-store>/<dataset-version>/hosted-inference/intron/CS-57/<actual-approval-record-id>
CS-58,evidence://<controlled-store>/<dataset-version>/consent/CS-58/<actual-consent-record-id>,evidence://<controlled-store>/<dataset-version>/de-identification/CS-58/<actual-review-record-id>,evidence://<controlled-store>/<dataset-version>/hosted-inference/intron/CS-58/<actual-approval-record-id>
CS-59,evidence://<controlled-store>/<dataset-version>/consent/CS-59/<actual-consent-record-id>,evidence://<controlled-store>/<dataset-version>/de-identification/CS-59/<actual-review-record-id>,evidence://<controlled-store>/<dataset-version>/hosted-inference/intron/CS-59/<actual-approval-record-id>
CS-60,evidence://<controlled-store>/<dataset-version>/consent/CS-60/<actual-consent-record-id>,evidence://<controlled-store>/<dataset-version>/de-identification/CS-60/<actual-review-record-id>,evidence://<controlled-store>/<dataset-version>/hosted-inference/intron/CS-60/<actual-approval-record-id>
CS-61,evidence://<controlled-store>/<dataset-version>/consent/CS-61/<actual-consent-record-id>,evidence://<controlled-store>/<dataset-version>/de-identification/CS-61/<actual-review-record-id>,evidence://<controlled-store>/<dataset-version>/hosted-inference/intron/CS-61/<actual-approval-record-id>
CS-62,evidence://<controlled-store>/<dataset-version>/consent/CS-62/<actual-consent-record-id>,evidence://<controlled-store>/<dataset-version>/de-identification/CS-62/<actual-review-record-id>,evidence://<controlled-store>/<dataset-version>/hosted-inference/intron/CS-62/<actual-approval-record-id>
CS-63,evidence://<controlled-store>/<dataset-version>/consent/CS-63/<actual-consent-record-id>,evidence://<controlled-store>/<dataset-version>/de-identification/CS-63/<actual-review-record-id>,evidence://<controlled-store>/<dataset-version>/hosted-inference/intron/CS-63/<actual-approval-record-id>
CS-64,evidence://<controlled-store>/<dataset-version>/consent/CS-64/<actual-consent-record-id>,evidence://<controlled-store>/<dataset-version>/de-identification/CS-64/<actual-review-record-id>,evidence://<controlled-store>/<dataset-version>/hosted-inference/intron/CS-64/<actual-approval-record-id>
CS-65,evidence://<controlled-store>/<dataset-version>/consent/CS-65/<actual-consent-record-id>,evidence://<controlled-store>/<dataset-version>/de-identification/CS-65/<actual-review-record-id>,evidence://<controlled-store>/<dataset-version>/hosted-inference/intron/CS-65/<actual-approval-record-id>
CS-66,evidence://<controlled-store>/<dataset-version>/consent/CS-66/<actual-consent-record-id>,evidence://<controlled-store>/<dataset-version>/de-identification/CS-66/<actual-review-record-id>,evidence://<controlled-store>/<dataset-version>/hosted-inference/intron/CS-66/<actual-approval-record-id>
CS-67,evidence://<controlled-store>/<dataset-version>/consent/CS-67/<actual-consent-record-id>,evidence://<controlled-store>/<dataset-version>/de-identification/CS-67/<actual-review-record-id>,evidence://<controlled-store>/<dataset-version>/hosted-inference/intron/CS-67/<actual-approval-record-id>
CS-68,evidence://<controlled-store>/<dataset-version>/consent/CS-68/<actual-consent-record-id>,evidence://<controlled-store>/<dataset-version>/de-identification/CS-68/<actual-review-record-id>,evidence://<controlled-store>/<dataset-version>/hosted-inference/intron/CS-68/<actual-approval-record-id>
CS-69,evidence://<controlled-store>/<dataset-version>/consent/CS-69/<actual-consent-record-id>,evidence://<controlled-store>/<dataset-version>/de-identification/CS-69/<actual-review-record-id>,evidence://<controlled-store>/<dataset-version>/hosted-inference/intron/CS-69/<actual-approval-record-id>
CS-70,evidence://<controlled-store>/<dataset-version>/consent/CS-70/<actual-consent-record-id>,evidence://<controlled-store>/<dataset-version>/de-identification/CS-70/<actual-review-record-id>,evidence://<controlled-store>/<dataset-version>/hosted-inference/intron/CS-70/<actual-approval-record-id>
CS-71,evidence://<controlled-store>/<dataset-version>/consent/CS-71/<actual-consent-record-id>,evidence://<controlled-store>/<dataset-version>/de-identification/CS-71/<actual-review-record-id>,evidence://<controlled-store>/<dataset-version>/hosted-inference/intron/CS-71/<actual-approval-record-id>
CS-72,evidence://<controlled-store>/<dataset-version>/consent/CS-72/<actual-consent-record-id>,evidence://<controlled-store>/<dataset-version>/de-identification/CS-72/<actual-review-record-id>,evidence://<controlled-store>/<dataset-version>/hosted-inference/intron/CS-72/<actual-approval-record-id>
CS-73,evidence://<controlled-store>/<dataset-version>/consent/CS-73/<actual-consent-record-id>,evidence://<controlled-store>/<dataset-version>/de-identification/CS-73/<actual-review-record-id>,evidence://<controlled-store>/<dataset-version>/hosted-inference/intron/CS-73/<actual-approval-record-id>
CS-74,evidence://<controlled-store>/<dataset-version>/consent/CS-74/<actual-consent-record-id>,evidence://<controlled-store>/<dataset-version>/de-identification/CS-74/<actual-review-record-id>,evidence://<controlled-store>/<dataset-version>/hosted-inference/intron/CS-74/<actual-approval-record-id>
CS-75,evidence://<controlled-store>/<dataset-version>/consent/CS-75/<actual-consent-record-id>,evidence://<controlled-store>/<dataset-version>/de-identification/CS-75/<actual-review-record-id>,evidence://<controlled-store>/<dataset-version>/hosted-inference/intron/CS-75/<actual-approval-record-id>
CS-76,evidence://<controlled-store>/<dataset-version>/consent/CS-76/<actual-consent-record-id>,evidence://<controlled-store>/<dataset-version>/de-identification/CS-76/<actual-review-record-id>,evidence://<controlled-store>/<dataset-version>/hosted-inference/intron/CS-76/<actual-approval-record-id>
CS-77,evidence://<controlled-store>/<dataset-version>/consent/CS-77/<actual-consent-record-id>,evidence://<controlled-store>/<dataset-version>/de-identification/CS-77/<actual-review-record-id>,evidence://<controlled-store>/<dataset-version>/hosted-inference/intron/CS-77/<actual-approval-record-id>
CS-78,evidence://<controlled-store>/<dataset-version>/consent/CS-78/<actual-consent-record-id>,evidence://<controlled-store>/<dataset-version>/de-identification/CS-78/<actual-review-record-id>,evidence://<controlled-store>/<dataset-version>/hosted-inference/intron/CS-78/<actual-approval-record-id>
CS-79,evidence://<controlled-store>/<dataset-version>/consent/CS-79/<actual-consent-record-id>,evidence://<controlled-store>/<dataset-version>/de-identification/CS-79/<actual-review-record-id>,evidence://<controlled-store>/<dataset-version>/hosted-inference/intron/CS-79/<actual-approval-record-id>
CS-80,evidence://<controlled-store>/<dataset-version>/consent/CS-80/<actual-consent-record-id>,evidence://<controlled-store>/<dataset-version>/de-identification/CS-80/<actual-review-record-id>,evidence://<controlled-store>/<dataset-version>/hosted-inference/intron/CS-80/<actual-approval-record-id>
CS-81,evidence://<controlled-store>/<dataset-version>/consent/CS-81/<actual-consent-record-id>,evidence://<controlled-store>/<dataset-version>/de-identification/CS-81/<actual-review-record-id>,evidence://<controlled-store>/<dataset-version>/hosted-inference/intron/CS-81/<actual-approval-record-id>
CS-82,evidence://<controlled-store>/<dataset-version>/consent/CS-82/<actual-consent-record-id>,evidence://<controlled-store>/<dataset-version>/de-identification/CS-82/<actual-review-record-id>,evidence://<controlled-store>/<dataset-version>/hosted-inference/intron/CS-82/<actual-approval-record-id>
CS-83,evidence://<controlled-store>/<dataset-version>/consent/CS-83/<actual-consent-record-id>,evidence://<controlled-store>/<dataset-version>/de-identification/CS-83/<actual-review-record-id>,evidence://<controlled-store>/<dataset-version>/hosted-inference/intron/CS-83/<actual-approval-record-id>
CS-84,evidence://<controlled-store>/<dataset-version>/consent/CS-84/<actual-consent-record-id>,evidence://<controlled-store>/<dataset-version>/de-identification/CS-84/<actual-review-record-id>,evidence://<controlled-store>/<dataset-version>/hosted-inference/intron/CS-84/<actual-approval-record-id>
CS-85,evidence://<controlled-store>/<dataset-version>/consent/CS-85/<actual-consent-record-id>,evidence://<controlled-store>/<dataset-version>/de-identification/CS-85/<actual-review-record-id>,evidence://<controlled-store>/<dataset-version>/hosted-inference/intron/CS-85/<actual-approval-record-id>
CS-86,evidence://<controlled-store>/<dataset-version>/consent/CS-86/<actual-consent-record-id>,evidence://<controlled-store>/<dataset-version>/de-identification/CS-86/<actual-review-record-id>,evidence://<controlled-store>/<dataset-version>/hosted-inference/intron/CS-86/<actual-approval-record-id>
CS-87,evidence://<controlled-store>/<dataset-version>/consent/CS-87/<actual-consent-record-id>,evidence://<controlled-store>/<dataset-version>/de-identification/CS-87/<actual-review-record-id>,evidence://<controlled-store>/<dataset-version>/hosted-inference/intron/CS-87/<actual-approval-record-id>
CS-88,evidence://<controlled-store>/<dataset-version>/consent/CS-88/<actual-consent-record-id>,evidence://<controlled-store>/<dataset-version>/de-identification/CS-88/<actual-review-record-id>,evidence://<controlled-store>/<dataset-version>/hosted-inference/intron/CS-88/<actual-approval-record-id>
CS-89,evidence://<controlled-store>/<dataset-version>/consent/CS-89/<actual-consent-record-id>,evidence://<controlled-store>/<dataset-version>/de-identification/CS-89/<actual-review-record-id>,evidence://<controlled-store>/<dataset-version>/hosted-inference/intron/CS-89/<actual-approval-record-id>
CS-90,evidence://<controlled-store>/<dataset-version>/consent/CS-90/<actual-consent-record-id>,evidence://<controlled-store>/<dataset-version>/de-identification/CS-90/<actual-review-record-id>,evidence://<controlled-store>/<dataset-version>/hosted-inference/intron/CS-90/<actual-approval-record-id>
CS-91,evidence://<controlled-store>/<dataset-version>/consent/CS-91/<actual-consent-record-id>,evidence://<controlled-store>/<dataset-version>/de-identification/CS-91/<actual-review-record-id>,evidence://<controlled-store>/<dataset-version>/hosted-inference/intron/CS-91/<actual-approval-record-id>
CS-92,evidence://<controlled-store>/<dataset-version>/consent/CS-92/<actual-consent-record-id>,evidence://<controlled-store>/<dataset-version>/de-identification/CS-92/<actual-review-record-id>,evidence://<controlled-store>/<dataset-version>/hosted-inference/intron/CS-92/<actual-approval-record-id>
CS-93,evidence://<controlled-store>/<dataset-version>/consent/CS-93/<actual-consent-record-id>,evidence://<controlled-store>/<dataset-version>/de-identification/CS-93/<actual-review-record-id>,evidence://<controlled-store>/<dataset-version>/hosted-inference/intron/CS-93/<actual-approval-record-id>
CS-94,evidence://<controlled-store>/<dataset-version>/consent/CS-94/<actual-consent-record-id>,evidence://<controlled-store>/<dataset-version>/de-identification/CS-94/<actual-review-record-id>,evidence://<controlled-store>/<dataset-version>/hosted-inference/intron/CS-94/<actual-approval-record-id>
CS-95,evidence://<controlled-store>/<dataset-version>/consent/CS-95/<actual-consent-record-id>,evidence://<controlled-store>/<dataset-version>/de-identification/CS-95/<actual-review-record-id>,evidence://<controlled-store>/<dataset-version>/hosted-inference/intron/CS-95/<actual-approval-record-id>
CS-96,evidence://<controlled-store>/<dataset-version>/consent/CS-96/<actual-consent-record-id>,evidence://<controlled-store>/<dataset-version>/de-identification/CS-96/<actual-review-record-id>,evidence://<controlled-store>/<dataset-version>/hosted-inference/intron/CS-96/<actual-approval-record-id>
CS-97,evidence://<controlled-store>/<dataset-version>/consent/CS-97/<actual-consent-record-id>,evidence://<controlled-store>/<dataset-version>/de-identification/CS-97/<actual-review-record-id>,evidence://<controlled-store>/<dataset-version>/hosted-inference/intron/CS-97/<actual-approval-record-id>
CS-98,evidence://<controlled-store>/<dataset-version>/consent/CS-98/<actual-consent-record-id>,evidence://<controlled-store>/<dataset-version>/de-identification/CS-98/<actual-review-record-id>,evidence://<controlled-store>/<dataset-version>/hosted-inference/intron/CS-98/<actual-approval-record-id>
CS-99,evidence://<controlled-store>/<dataset-version>/consent/CS-99/<actual-consent-record-id>,evidence://<controlled-store>/<dataset-version>/de-identification/CS-99/<actual-review-record-id>,evidence://<controlled-store>/<dataset-version>/hosted-inference/intron/CS-99/<actual-approval-record-id>
CS-100,evidence://<controlled-store>/<dataset-version>/consent/CS-100/<actual-consent-record-id>,evidence://<controlled-store>/<dataset-version>/de-identification/CS-100/<actual-review-record-id>,evidence://<controlled-store>/<dataset-version>/hosted-inference/intron/CS-100/<actual-approval-record-id>
