case_id,consent_obtained,consent_evidence_reference,de_identified,de_identification_evidence_reference,hosted_inference_approved,hosted_inference_approval_evidence_reference
CS-01,unknown,,unknown,,unknown,
CS-02,unknown,,unknown,,unknown,
CS-03,unknown,,unknown,,unknown,
CS-04,unknown,,unknown,,unknown,
CS-05,unknown,,unknown,,unknown,
CS-06,unknown,,unknown,,unknown,
CS-07,unknown,,unknown,,unknown,
CS-08,unknown,,unknown,,unknown,
CS-09,unknown,,unknown,,unknown,
CS-10,unknown,,unknown,,unknown,
CS-11,unknown,,unknown,,unknown,
CS-12,unknown,,unknown,,unknown,
CS-13,unknown,,unknown,,unknown,
CS-14,unknown,,unknown,,unknown,
CS-15,unknown,,unknown,,unknown,
CS-16,unknown,,unknown,,unknown,
CS-17,unknown,,unknown,,unknown,
CS-18,unknown,,unknown,,unknown,
CS-19,unknown,,unknown,,unknown,
CS-20,unknown,,unknown,,unknown,
CS-21,unknown,,unknown,,unknown,
CS-22,unknown,,unknown,,unknown,
CS-23,unknown,,unknown,,unknown,
CS-24,unknown,,unknown,,unknown,
CS-25,unknown,,unknown,,unknown,
CS-26,unknown,,unknown,,unknown,
CS-27,unknown,,unknown,,unknown,
CS-28,unknown,,unknown,,unknown,
CS-29,unknown,,unknown,,unknown,
CS-30,unknown,,unknown,,unknown,
CS-31,unknown,,unknown,,unknown,
CS-32,unknown,,unknown,,unknown,
CS-33,unknown,,unknown,,unknown,
CS-34,unknown,,unknown,,unknown,
CS-35,unknown,,unknown,,unknown,
CS-36,unknown,,unknown,,unknown,
CS-37,unknown,,unknown,,unknown,
CS-38,unknown,,unknown,,unknown,
CS-39,unknown,,unknown,,unknown,
CS-40,unknown,,unknown,,unknown,
CS-41,unknown,,unknown,,unknown,
CS-42,unknown,,unknown,,unknown,
CS-43,unknown,,unknown,,unknown,
CS-44,unknown,,unknown,,unknown,
CS-45,unknown,,unknown,,unknown,
CS-46,unknown,,unknown,,unknown,
CS-47,unknown,,unknown,,unknown,
CS-48,unknown,,unknown,,unknown,
CS-49,unknown,,unknown,,unknown,
CS-50,unknown,,unknown,,unknown,
CS-51,unknown,,unknown,,unknown,
CS-52,unknown,,unknown,,unknown,
CS-53,unknown,,unknown,,unknown,
CS-54,unknown,,unknown,,unknown,
CS-55,unknown,,unknown,,unknown,
CS-56,unknown,,unknown,,unknown,
CS-57,unknown,,unknown,,unknown,
CS-58,unknown,,unknown,,unknown,
CS-59,unknown,,unknown,,unknown,
CS-60,unknown,,unknown,,unknown,
CS-61,unknown,,unknown,,unknown,
CS-62,unknown,,unknown,,unknown,
CS-63,unknown,,unknown,,unknown,
CS-64,unknown,,unknown,,unknown,
CS-65,unknown,,unknown,,unknown,
CS-66,unknown,,unknown,,unknown,
CS-67,unknown,,unknown,,unknown,
CS-68,unknown,,unknown,,unknown,
CS-69,unknown,,unknown,,unknown,
CS-70,unknown,,unknown,,unknown,
CS-71,unknown,,unknown,,unknown,
CS-72,unknown,,unknown,,unknown,
CS-73,unknown,,unknown,,unknown,
CS-74,unknown,,unknown,,unknown,
CS-75,unknown,,unknown,,unknown,
CS-76,unknown,,unknown,,unknown,
CS-77,unknown,,unknown,,unknown,
CS-78,unknown,,unknown,,unknown,
CS-79,unknown,,unknown,,unknown,
CS-80,unknown,,unknown,,unknown,
CS-81,unknown,,unknown,,unknown,
CS-82,unknown,,unknown,,unknown,
CS-83,unknown,,unknown,,unknown,
CS-84,unknown,,unknown,,unknown,
CS-85,unknown,,unknown,,unknown,
CS-86,unknown,,unknown,,unknown,
CS-87,unknown,,unknown,,unknown,
CS-88,unknown,,unknown,,unknown,
CS-89,unknown,,unknown,,unknown,
CS-90,unknown,,unknown,,unknown,
CS-91,unknown,,unknown,,unknown,
CS-92,unknown,,unknown,,unknown,
CS-93,unknown,,unknown,,unknown,
CS-94,unknown,,unknown,,unknown,
CS-95,unknown,,unknown,,unknown,
CS-96,unknown,,unknown,,unknown,
CS-97,unknown,,unknown,,unknown,
CS-98,unknown,,unknown,,unknown,
CS-99,unknown,,unknown,,unknown,
CS-100,unknown,,unknown,,unknown,
