case_id,audio_filename,speaker_id,clinical_domain,language_mix,raw_transcript,normalized_transcript,medical_entities,duration_sec,review_status,reviewer,review_date,verification_method,verification_notes,dataset_version,prepared_by
CS-01,CS-01.wav,Speaker-03,Infectious Disease / Pulmonology,Amharic-English,,ሕመምተኛው ለ 3 ቀን high-grade fever እና severe ሳል አለው።,High-grade fever,,verified,,,manual_review,"User-supplied benchmark evidence states transcripts, audio, and audio-transcript alignment were manually reviewed. Reviewer identity, review date, and underlying review logs were not supplied. Benchmark preparation: Ermias.",v1.0,Ermias
CS-02,CS-02.wav,Speaker-03,General Outpatient / Pharmacology,Amharic-English,,"Prescribe Amoxicillin 500mg capsules, TID for 7 days.","Amoxicillin 500mg, TID",,verified,,,manual_review,"User-supplied benchmark evidence states transcripts, audio, and audio-transcript alignment were manually reviewed. Reviewer identity, review date, and underlying review logs were not supplied. Benchmark preparation: Ermias.",v1.0,Ermias
CS-03,CS-03.wav,Speaker-03,Pediatric Pulmonology,Amharic-English,,ሕፃኑ ትንፋሽ ማጠር እና wheezing ስላለው nebulization ያስፈልገዋል።,"ትንፋሽ ማጠር, Wheezing, Nebulization",,verified,,,manual_review,"User-supplied benchmark evidence states transcripts, audio, and audio-transcript alignment were manually reviewed. Reviewer identity, review date, and underlying review logs were not supplied. Benchmark preparation: Ermias.",v1.0,Ermias
CS-04,CS-04.wav,Speaker-03,Urology / Outpatient,Amharic-English,,Dysuria እና lower abdominal pain ስላለው፣ check urine analysis.,"Dysuria, Urine analysis",,verified,,,manual_review,"User-supplied benchmark evidence states transcripts, audio, and audio-transcript alignment were manually reviewed. Reviewer identity, review date, and underlying review logs were not supplied. Benchmark preparation: Ermias.",v1.0,Ermias
CS-05,CS-05.wav,Speaker-03,Pediatrics / Pharmacology,Amharic-English,,"Pediatric suspension 125mg/5mL, 5mL PO TID for 5 days.","Pediatric suspension, 125mg/5mL, PO TID",,verified,,,manual_review,"User-supplied benchmark evidence states transcripts, audio, and audio-transcript alignment were manually reviewed. Reviewer identity, review date, and underlying review logs were not supplied. Benchmark preparation: Ermias.",v1.0,Ermias
CS-06,CS-06.wav,Speaker-03,Endocrinology,Amharic-English,,Fasting blood sugar 240 mg/dL ስለሆነ Metformin 500mg BID እናዘዝ።,"Fasting blood sugar, Metformin, BID",,verified,,,manual_review,"User-supplied benchmark evidence states transcripts, audio, and audio-transcript alignment were manually reviewed. Reviewer identity, review date, and underlying review logs were not supplied. Benchmark preparation: Ermias.",v1.0,Ermias
CS-07,CS-07.wav,Speaker-03,Cardiology / Nephrology,Amharic-English,,"BP 160/100 mmHg ነው። Bilateral lower extremity edema ስላለ Echocardiogram እና LFT, RFT order እናድርግ።","BP 160/100 mmHg, Edema, Echocardiogram",,verified,,,manual_review,"User-supplied benchmark evidence states transcripts, audio, and audio-transcript alignment were manually reviewed. Reviewer identity, review date, and underlying review logs were not supplied. Benchmark preparation: Ermias.",v1.0,Ermias
CS-08,CS-08.wav,Speaker-03,Infectious Disease / Tropical Medicine,Amharic-English,,ሕመምተኛው chills,"Chills, Rigor, Malaria film, CBC",,verified,,,manual_review,"User-supplied benchmark evidence states transcripts, audio, and audio-transcript alignment were manually reviewed. Reviewer identity, review date, and underlying review logs were not supplied. Benchmark preparation: Ermias.",v1.0,Ermias
CS-09,CS-09.wav,Speaker-03,Obstetrics & Gynecology (OBGYN),Amharic-English,,Gravida 3 Para 2 at 38 weeks gestation. Regular uterine contractions እና ruptured membranes ስላሉ Plan for normal vaginal delivery.,"Gravida 3 Para 2, Gestation, Delivery",,verified,,,manual_review,"User-supplied benchmark evidence states transcripts, audio, and audio-transcript alignment were manually reviewed. Reviewer identity, review date, and underlying review logs were not supplied. Benchmark preparation: Ermias.",v1.0,Ermias
CS-10,CS-10.wav,Speaker-03,General Surgery / Gastroenterology,Amharic-English,,Right lower quadrant rebound tenderness ስላለ acute appendicitis rule out ለማድረግ Abdominal ultrasound እና WBC count order እንስጥ።,"Appendicitis, Ultrasound, WBC count",,verified,,,manual_review,"User-supplied benchmark evidence states transcripts, audio, and audio-transcript alignment were manually reviewed. Reviewer identity, review date, and underlying review logs were not supplied. Benchmark preparation: Ermias.",v1.0,Ermias
CS-11,CS-11.wav,Speaker-03,Infectious Disease / Pulmonology,Amharic-English,,ለ 3 ሳምንት የቆየ chronic cough,"Chronic cough, GeneXpert, X-ray",,verified,,,manual_review,"User-supplied benchmark evidence states transcripts, audio, and audio-transcript alignment were manually reviewed. Reviewer identity, review date, and underlying review logs were not supplied. Benchmark preparation: Ermias.",v1.0,Ermias
CS-12,CS-12.wav,Speaker-03,Gastroenterology / Emergency,Amharic-English,,severe vomiting እና watery diarrhea ስላለ Signs of severe dehydration ታይቷል፤ IV Normal Saline bolus እንስጥ።,"Vomiting, Dehydration, IV Saline",,verified,,,manual_review,"User-supplied benchmark evidence states transcripts, audio, and audio-transcript alignment were manually reviewed. Reviewer identity, review date, and underlying review logs were not supplied. Benchmark preparation: Ermias.",v1.0,Ermias
CS-13,CS-13.wav,Speaker-03,Trauma / Emergency Medicine,Amharic-English,,Involved in RTA with loss of consciousness for 10 minutes. Urgent Head CT scan እና cervical spine X-ray order አድርግ።,"RTA, Head CT scan, Cervical X-ray",,verified,,,manual_review,"User-supplied benchmark evidence states transcripts, audio, and audio-transcript alignment were manually reviewed. Reviewer identity, review date, and underlying review logs were not supplied. Benchmark preparation: Ermias.",v1.0,Ermias
CS-14,CS-14.wav,Speaker-03,Dermatology / Allergy & Immunology,Amharic-English,,Generalized maculopapular rash እና severe pruritus ስላለው Discontinue Ceftriaxone immediately,"Rash, Pruritus, Ceftriaxone",,verified,,,manual_review,"User-supplied benchmark evidence states transcripts, audio, and audio-transcript alignment were manually reviewed. Reviewer identity, review date, and underlying review logs were not supplied. Benchmark preparation: Ermias.",v1.0,Ermias
CS-15,CS-15.wav,Speaker-03,Neurology / Infectious Disease,Amharic-English,,Severe headache,"Meningitis, Lumbar Puncture",,verified,,,manual_review,"User-supplied benchmark evidence states transcripts, audio, and audio-transcript alignment were manually reviewed. Reviewer identity, review date, and underlying review logs were not supplied. Benchmark preparation: Ermias.",v1.0,Ermias
CS-16,CS-16.wav,Speaker-05,Emergency / Trauma,Amharic-English,,ሕመምተኛው ከፍ ያለ የትራፊክ አደጋ ደርሶበት የመኪና ውስጥ ጉዳት ስላለው፣ urgent head CT scan እና cervical spine X-ray ወዲያውኑ order አድርጉልኝ፡፡,"Trauma, Head CT, Cervical X-ray",,verified,,,manual_review,"User-supplied benchmark evidence states transcripts, audio, and audio-transcript alignment were manually reviewed. Reviewer identity, review date, and underlying review logs were not supplied. Benchmark preparation: Ermias.",v1.0,Ermias
CS-17,CS-17.wav,Speaker-05,Emergency / Neurology,Amharic-English,,በመኪና አደጋ ምክንያት አጠቃላይ የንቃተ ህሊና ማጣት ለ 20 ደቂቃዎች ያህል አጋጥሞታል፣ ስለዚህ ቆይቶ neurological examination እና IV line ማስተካከል እንጀምራለን፡፡,"Loss of consciousness, Neurological exam",,verified,,,manual_review,"User-supplied benchmark evidence states transcripts, audio, and audio-transcript alignment were manually reviewed. Reviewer identity, review date, and underlying review logs were not supplied. Benchmark preparation: Ermias.",v1.0,Ermias
CS-18,CS-18.wav,Speaker-05,Emergency / Hematology,Amharic-English,,ከፍተኛ የሆነ የደም መፍሰስ በግራ እጁ ላይ ስላለ፣ pressure dressing አድርገን ወዲያውኑ CBC እና blood typing መሥራት አለብን።,"Hemorrhage, Pressure dressing, CBC",,verified,,,manual_review,"User-supplied benchmark evidence states transcripts, audio, and audio-transcript alignment were manually reviewed. Reviewer identity, review date, and underlying review logs were not supplied. Benchmark preparation: Ermias.",v1.0,Ermias
CS-19,CS-19.wav,Speaker-05,Pediatric Pulmonology,Amharic-English,,ሕፃኑ የ 2 ዓመት ልጅ ሲሆን ለ 3 ቀናት የሚቆይ ከባድ ሳል እና wheezing አለው፣ ስለዚህ nebulization ከ salbutamol ጋር አሁን እንሰጠዋለን።,"Pediatric cough, Wheezing, Salbutamol",,verified,,,manual_review,"User-supplied benchmark evidence states transcripts, audio, and audio-transcript alignment were manually reviewed. Reviewer identity, review date, and underlying review logs were not supplied. Benchmark preparation: Ermias.",v1.0,Ermias
CS-20,CS-20.wav,Speaker-05,Pediatric Gastroenterology,Amharic-English,,ልጁ የማስታወክ እና watery diarrhea ምልክቶች ስላሉት፣ acute dehydration ሊሆን ስለሚችል IV Normal Saline bolus ጀምርለት።,"Diarrhea, Acute dehydration, NS bolus",,verified,,,manual_review,"User-supplied benchmark evidence states transcripts, audio, and audio-transcript alignment were manually reviewed. Reviewer identity, review date, and underlying review logs were not supplied. Benchmark preparation: Ermias.",v1.0,Ermias
CS-21,CS-21.wav,Speaker-04,Pediatric ENT,Amharic-English,,ልጁ የማስታወክ እና watery diarrhea ምልክቶች ስላሉት፣ acute dehydration ሊሆን ስለሚችል IV Normal Saline bolus ጀምርለት።,"Tonsillitis, Amoxicillin suspension",,verified,,,manual_review,"User-supplied benchmark evidence states transcripts, audio, and audio-transcript alignment were manually reviewed. Reviewer identity, review date, and underlying review logs were not supplied. Benchmark preparation: Ermias.",v1.0,Ermias
CS-22,CS-22.wav,Speaker-04,Endocrinology,Amharic-English,,የዛሬው ምርመራ ላይ fasting blood sugar 260 mg/dL ስለሆነ፣ Metformin 1000mg BID አስተካክለን እንቀጥላለን፡፡,"Hyperglycemia, Metformin adjustment",,verified,,,manual_review,"User-supplied benchmark evidence states transcripts, audio, and audio-transcript alignment were manually reviewed. Reviewer identity, review date, and underlying review logs were not supplied. Benchmark preparation: Ermias.",v1.0,Ermias
CS-23,CS-23.wav,Speaker-04,Endocrinology / Emergency,Amharic-English,,ታካሚው ከፍተኛ ራስ ምታት እና Kussmaul breathing ስላለው፣ immediate random blood sugar እና urine ketones check ማድረግ አለብን።,"Kussmaul breathing, Blood sugar, Ketones",,verified,,,manual_review,"User-supplied benchmark evidence states transcripts, audio, and audio-transcript alignment were manually reviewed. Reviewer identity, review date, and underlying review logs were not supplied. Benchmark preparation: Ermias.",v1.0,Ermias
CS-24,CS-24.wav,Speaker-04,Endocrinology,Amharic-English,,የታካሚው የአንገት እብጠት እና palpitation እየጨመረ ስለመጣ፣ TSH እና free T4 lab test order አድርግ።,"Neck swelling, TSH, Free T4",,verified,,,manual_review,"User-supplied benchmark evidence states transcripts, audio, and audio-transcript alignment were manually reviewed. Reviewer identity, review date, and underlying review logs were not supplied. Benchmark preparation: Ermias.",v1.0,Ermias
CS-25,CS-25.wav,Speaker-04,Cardiology / Emergency,Amharic-English,,የደም ግፊቱ 180 በ 110 mmHg ደርሷል፣ እና ከባድ ራስ ምታት አለው፣ ስለዚህ Enalapril sublingually እንሰጣለን፡፡,"Hypertensive urgency, Enalapril",,verified,,,manual_review,"User-supplied benchmark evidence states transcripts, audio, and audio-transcript alignment were manually reviewed. Reviewer identity, review date, and underlying review logs were not supplied. Benchmark preparation: Ermias.",v1.0,Ermias
CS-26,CS-26.wav,Speaker-04,Cardiology / Pulmonology,Amharic-English,,በሁለቱም እግሮቹ ላይ bilateral pitting edema እና shortness of breath ስላለው፣ Echocardiogram እና Chest X-ray አሳይ።,"Pitting edema, Shortness of breath, Echo",,verified,,,manual_review,"User-supplied benchmark evidence states transcripts, audio, and audio-transcript alignment were manually reviewed. Reviewer identity, review date, and underlying review logs were not supplied. Benchmark preparation: Ermias.",v1.0,Ermias
CS-27,CS-27.wav,Speaker-04,Cardiology / Emergency,Amharic-English,,በግራ በኩል የሚሰማውን crushing chest pain እና sweating ስላስተዋልን፣ immediate 12-lead ECG እና troponin test እናድርግ።,"Crushing chest pain, ECG, Troponin",,verified,,,manual_review,"User-supplied benchmark evidence states transcripts, audio, and audio-transcript alignment were manually reviewed. Reviewer identity, review date, and underlying review logs were not supplied. Benchmark preparation: Ermias.",v1.0,Ermias
CS-28,CS-28.wav,Speaker-04,Infectious Disease / Pulmonology,Amharic-English,,ለ 4 ሳምንታት የሚቆይ chronic cough,"Chronic cough, TB, GeneXpert",,verified,,,manual_review,"User-supplied benchmark evidence states transcripts, audio, and audio-transcript alignment were manually reviewed. Reviewer identity, review date, and underlying review logs were not supplied. Benchmark preparation: Ermias.",v1.0,Ermias
CS-29,CS-29.wav,Speaker-04,Infectious Disease / Tropical Medicine,Amharic-English,,የሰውነቱ ሙቀት ከፍ ያለ እና intermittent fever ከ chills ጋር ስላለው፣ blood film for malaria parasites እና CBC እናዘዝ።,"Intermittent fever, Chills, Malaria film",,verified,,,manual_review,"User-supplied benchmark evidence states transcripts, audio, and audio-transcript alignment were manually reviewed. Reviewer identity, review date, and underlying review logs were not supplied. Benchmark preparation: Ermias.",v1.0,Ermias
CS-30,CS-30.wav,Speaker-04,Pulmonology / Infectious Disease,Amharic-English,,Chest X-ray ላይ consolidation እና crackles ስላሉ Ceftriaxone 1g IV BID እና Azithromycin 500mg PO ጀምርለት።,"Consolidation, Ceftriaxone, Azithromycin",,verified,,,manual_review,"User-supplied benchmark evidence states transcripts, audio, and audio-transcript alignment were manually reviewed. Reviewer identity, review date, and underlying review logs were not supplied. Benchmark preparation: Ermias.",v1.0,Ermias
CS-31,CS-31.wav,Speaker-04,Obstetrics & Gynecology (OBGYN),Amharic-English,,"ይህች እናት Gravida 4, Para 3 ስትሆን አሁን በ 38 weeks gestation ላይ regular uterine contractions አሏት።","Gravida 4 Para 3, Gestation, Contractions",,verified,,,manual_review,"User-supplied benchmark evidence states transcripts, audio, and audio-transcript alignment were manually reviewed. Reviewer identity, review date, and underlying review logs were not supplied. Benchmark preparation: Ermias.",v1.0,Ermias
CS-32,CS-32.wav,Speaker-04,Obstetrics & Gynecology (OBGYN),Amharic-English,,Blood pressure 160/110mmHg እና proteinuria +3 ስለታየ immediate magnesium sulfate protocol እንጀምራለን።,"Preeclampsia, Proteinuria, Magnesium sulfate",,verified,,,manual_review,"User-supplied benchmark evidence states transcripts, audio, and audio-transcript alignment were manually reviewed. Reviewer identity, review date, and underlying review logs were not supplied. Benchmark preparation: Ermias.",v1.0,Ermias
CS-33,CS-33.wav,Speaker-04,Obstetrics & Gynecology (OBGYN),Amharic-English,,የማህፀን በር ከፍቱ 8 ሴንቲሜትር ደርሷል፣ membranes ruptured ስለሆኑ፣ ወደ labor ward እናስገባታለን።,"Cervical dilation, Ruptured membranes",,verified,,,manual_review,"User-supplied benchmark evidence states transcripts, audio, and audio-transcript alignment were manually reviewed. Reviewer identity, review date, and underlying review logs were not supplied. Benchmark preparation: Ermias.",v1.0,Ermias
CS-34,CS-34.wav,Speaker-04,Dermatology / Allergy & Immunology,Amharic-English,,በመድኃኒት አለርጂ ምክንያት generalized maculopapular rash እና severe pruritus አለው፣ ስለዚህ Ceftriaxone ወዲያውኑ discontinue እንድርግ።,"Drug allergy, Rash, Pruritus",,verified,,,manual_review,"User-supplied benchmark evidence states transcripts, audio, and audio-transcript alignment were manually reviewed. Reviewer identity, review date, and underlying review logs were not supplied. Benchmark preparation: Ermias.",v1.0,Ermias
CS-35,CS-35.wav,Speaker-04,Allergy & Immunology / Dermatology,Amharic-English,,የከንፈር ማበጥ (lip swelling) እና urticaria በመላ አካሉ ላይ ስላለ፣ IV Hydrocortisone 100mg እና Chlorpheniramine እንሰጣለን።,"Lip swelling, Urticaria, Hydrocortisone",,verified,,,manual_review,"User-supplied benchmark evidence states transcripts, audio, and audio-transcript alignment were manually reviewed. Reviewer identity, review date, and underlying review logs were not supplied. Benchmark preparation: Ermias.",v1.0,Ermias
CS-36,CS-36.wav,Speaker-04,Neurology / Infectious Disease,Amharic-English,,ከባድ ራስ ምታት፣ neck stiffness እና photophobia ስላለው Kernig's sign positive ሆኗል፤ ስለዚህ lumbar puncture እናደርጋለን፡፡,"Meningitis, Kernig's sign, Lumbar puncture",,verified,,,manual_review,"User-supplied benchmark evidence states transcripts, audio, and audio-transcript alignment were manually reviewed. Reviewer identity, review date, and underlying review logs were not supplied. Benchmark preparation: Ermias.",v1.0,Ermias
CS-37,CS-37.wav,Speaker-04,Neurology / Stroke Care,Amharic-English,,የቀኝ እጁ እና እግሩ ድክመት (left hemiparesis) እና slurred speech በአንድ ሰዓት ውስጥ አጋጥሞታል፣ ወዲያውኑ non-contrast brain CT scan እናዘዝ።,"Hemiparesis, Slurred speech, Brain CT",,verified,,,manual_review,"User-supplied benchmark evidence states transcripts, audio, and audio-transcript alignment were manually reviewed. Reviewer identity, review date, and underlying review logs were not supplied. Benchmark preparation: Ermias.",v1.0,Ermias
CS-38,CS-38.wav,Speaker-04,General Surgery / Gastroenterology,Amharic-English,,በቀኝ የታችኛው የሆድ ክፍል (right lower quadrant) severe tenderness እና rebound tenderness ስላለ፣ acute appendicitis rule out እንድርግ።,"Right lower quadrant tenderness, Appendicitis",,verified,,,manual_review,"User-supplied benchmark evidence states transcripts, audio, and audio-transcript alignment were manually reviewed. Reviewer identity, review date, and underlying review logs were not supplied. Benchmark preparation: Ermias.",v1.0,Ermias
CS-39,CS-39.wav,Speaker-04,Urology / Nephrology,Amharic-English,,Dysuria እና frequent urination ከ lower back pain ጋር ስላለው urinalysis እና urine culture እናዘዝ።,"Dysuria, Frequent urination, Urinalysis",,verified,,,manual_review,"User-supplied benchmark evidence states transcripts, audio, and audio-transcript alignment were manually reviewed. Reviewer identity, review date, and underlying review logs were not supplied. Benchmark preparation: Ermias.",v1.0,Ermias
CS-40,CS-40.wav,Speaker-04,Gastroenterology,Amharic-English,,ብዙ ጊዜ የሚያስታውከና watery diarrhea ያለው ታካሚ ስለሆነ፣ stool analysis እና IV fluid resuscitation እንጀምራለን፡፡,"Watery diarrhea, Stool analysis, IV fluids",,verified,,,manual_review,"User-supplied benchmark evidence states transcripts, audio, and audio-transcript alignment were manually reviewed. Reviewer identity, review date, and underlying review logs were not supplied. Benchmark preparation: Ermias.",v1.0,Ermias
CS-41,CS-41.wav,Speaker-04,Pain Management / Orthopedics,Amharic-English,,Chronic back pain ስላለው Tramadol 50mg PO BID ለ 5 ቀናት ብቻ አዘዝኩለት።,"Chronic back pain, Tramadol",,verified,,,manual_review,"User-supplied benchmark evidence states transcripts, audio, and audio-transcript alignment were manually reviewed. Reviewer identity, review date, and underlying review logs were not supplied. Benchmark preparation: Ermias.",v1.0,Ermias
CS-42,CS-42.wav,Speaker-04,Gastroenterology,Amharic-English,,Gastritis እና heartburn ስላለው Omeprazole 20mg PO daily ከbreakfast በፊት 30 ደቂቃ እንዲወስድ እናዘዛለን።,"Gastritis, Heartburn, Omeprazole",,verified,,,manual_review,"User-supplied benchmark evidence states transcripts, audio, and audio-transcript alignment were manually reviewed. Reviewer identity, review date, and underlying review logs were not supplied. Benchmark preparation: Ermias.",v1.0,Ermias
CS-43,CS-43.wav,Speaker-04,Rheumatology / Orthopedics,Amharic-English,,የ Knee መገጣጠሚያ ጉዳት እና swelling ስላለው Ibuprofen 400mg PO TID ከምግብ በኋላ አብሮ ከ Omeprazole ጋር እንሰጣለን።,"Joint swelling, Ibuprofen, Omeprazole",,verified,,,manual_review,"User-supplied benchmark evidence states transcripts, audio, and audio-transcript alignment were manually reviewed. Reviewer identity, review date, and underlying review logs were not supplied. Benchmark preparation: Ermias.",v1.0,Ermias
CS-44,CS-44.wav,Speaker-04,ENT / Allergy,Amharic-English,,የአፍንጫ ማሳከክ፣ sneezing እና watery discharge ባለበት ታካሚ ላይ Cetirizine 10mg PO daily እናዘዝ።,"Allergic rhinitis, Cetirizine",,verified,,,manual_review,"User-supplied benchmark evidence states transcripts, audio, and audio-transcript alignment were manually reviewed. Reviewer identity, review date, and underlying review logs were not supplied. Benchmark preparation: Ermias.",v1.0,Ermias
CS-45,CS-45.wav,Speaker-04,Hematology,Amharic-English,,የደም ማነስ (anemia) ምልክቶች እና pale conjunctiva ስለታየበት Ferrous Sulfate 200mg PO TID ከ Vitamin C ጋር እናዘዝ።,"Anemia, Pale conjunctiva, Ferrous sulfate",,verified,,,manual_review,"User-supplied benchmark evidence states transcripts, audio, and audio-transcript alignment were manually reviewed. Reviewer identity, review date, and underlying review logs were not supplied. Benchmark preparation: Ermias.",v1.0,Ermias
CS-46,CS-46.wav,Speaker-04,Psychiatry,Amharic-English,,ታካሚው ባለፉት ሁለት ሳምንታት ውስጥ depressed mood,"Depression, Insomnia, PHQ-9",,verified,,,manual_review,"User-supplied benchmark evidence states transcripts, audio, and audio-transcript alignment were manually reviewed. Reviewer identity, review date, and underlying review logs were not supplied. Benchmark preparation: Ermias.",v1.0,Ermias
CS-47,CS-47.wav,Speaker-04,Psychiatry / Emergency,Amharic-English,,Acute anxiety ከ palpitation,"Anxiety, Panic attack, Lorazepam",,verified,,,manual_review,"User-supplied benchmark evidence states transcripts, audio, and audio-transcript alignment were manually reviewed. Reviewer identity, review date, and underlying review logs were not supplied. Benchmark preparation: Ermias.",v1.0,Ermias
CS-48,CS-48.wav,Speaker-04,Orthopedics / Trauma,Amharic-English,,የቀኝ እግር tibia shaft fracture ስላለበት፣ closed reduction አድርገን above-knee plaster cast እናድርግ።,"Tibia fracture, Reduction, Plaster cast",,verified,,,manual_review,"User-supplied benchmark evidence states transcripts, audio, and audio-transcript alignment were manually reviewed. Reviewer identity, review date, and underlying review logs were not supplied. Benchmark preparation: Ermias.",v1.0,Ermias
CS-49,CS-49.wav,Speaker-04,Ophthalmology / Emergency,Amharic-English,,Acute glaucoma ስላለ severe ocular pain,"Acute glaucoma, Ocular pain, Timolol",,verified,,,manual_review,"User-supplied benchmark evidence states transcripts, audio, and audio-transcript alignment were manually reviewed. Reviewer identity, review date, and underlying review logs were not supplied. Benchmark preparation: Ermias.",v1.0,Ermias
CS-50,CS-50.wav,Speaker-04,Pediatric ENT,Amharic-English,,የቀኝ earache እና otorrhea ባለበት ህፃን ላይ Amoxicillin-Clavulanate suspension 400mg PO BID ለ 10 ቀናት እናዘዛለን።,"Otitis media, Otorrhea, Antibiotics",,verified,,,manual_review,"User-supplied benchmark evidence states transcripts, audio, and audio-transcript alignment were manually reviewed. Reviewer identity, review date, and underlying review logs were not supplied. Benchmark preparation: Ermias.",v1.0,Ermias
CS-51,CS-51.wav,Speaker-04,Nephrology,Amharic-English,,የታካሚው serum creatinine እና BUN እያደጉ ስለመጡ፣ estimated GFR calculate አድርገን nephrology consultation እንጠይቃለን።,"Elevated creatinine, BUN, GFR",,verified,,,manual_review,"User-supplied benchmark evidence states transcripts, audio, and audio-transcript alignment were manually reviewed. Reviewer identity, review date, and underlying review logs were not supplied. Benchmark preparation: Ermias.",v1.0,Ermias
CS-52,CS-52.wav,Speaker-04,Oncology / Gastroenterology,Amharic-English,,ከሁለተኛው ዙር chemotherapy በኋላ severe nausea እና vomiting ስላለው፣ Ondansetron 8mg IV slow push እንሰጣለን፡፡,"Chemotherapy-induced nausea, Ondansetron",,verified,,,manual_review,"User-supplied benchmark evidence states transcripts, audio, and audio-transcript alignment were manually reviewed. Reviewer identity, review date, and underlying review logs were not supplied. Benchmark preparation: Ermias.",v1.0,Ermias
CS-53,CS-53.wav,Speaker-04,Geriatrics / Orthopedics,Amharic-English,,የ 78 ዓመት አዛውንት በቤት ውስጥ ስለወደቁ፣ hip X-ray order አድርገን neurological status check እንከታተላለን፡፡,"Geriatric fall, Hip X-ray",,verified,,,manual_review,"User-supplied benchmark evidence states transcripts, audio, and audio-transcript alignment were manually reviewed. Reviewer identity, review date, and underlying review logs were not supplied. Benchmark preparation: Ermias.",v1.0,Ermias
CS-54,CS-54.wav,Speaker-04,General Surgery / Infectious Disease,Amharic-English,,ከቀዶ ጥገናው በኋላ በቁስሉ አካባቢ redness,"Surgical site infection, Wound swab",,verified,,,manual_review,"User-supplied benchmark evidence states transcripts, audio, and audio-transcript alignment were manually reviewed. Reviewer identity, review date, and underlying review logs were not supplied. Benchmark preparation: Ermias.",v1.0,Ermias
CS-55,CS-55.wav,Speaker-04,Pulmonology / Emergency,Amharic-English,,Acute bronchospasm እና severe wheezing ስላለው Salbutamol nebulization ከ Ipratropium bromide ጋር በአስቸኳይ እንጀምራለን።,"Bronchospasm, Wheezing, Nebulization",,verified,,,manual_review,"User-supplied benchmark evidence states transcripts, audio, and audio-transcript alignment were manually reviewed. Reviewer identity, review date, and underlying review logs were not supplied. Benchmark preparation: Ermias.",v1.0,Ermias
CS-56,CS-56.wav,Speaker-04,Cardiology,Amharic-English,,Irregular pulse እና irregularly irregular rhythm ECG ላይ ስለታየ Metoprolol 50mg PO BID ለ rate control እንጀምራለን።,"Atrial fibrillation, Metoprolol",,verified,,,manual_review,"User-supplied benchmark evidence states transcripts, audio, and audio-transcript alignment were manually reviewed. Reviewer identity, review date, and underlying review logs were not supplied. Benchmark preparation: Ermias.",v1.0,Ermias
CS-57,CS-57.wav,Speaker-04,Neurology,Amharic-English,,Unilateral throbbing headache ከ nausea እና photophobia ጋር ስላለው Sumatriptan 50mg PO as needed for acute attack እናዘዝ።,"Migraine, Sumatriptan",,verified,,,manual_review,"User-supplied benchmark evidence states transcripts, audio, and audio-transcript alignment were manually reviewed. Reviewer identity, review date, and underlying review logs were not supplied. Benchmark preparation: Ermias.",v1.0,Ermias
CS-58,CS-58.wav,Speaker-04,Endocrinology,Amharic-English,,የክብደት መጨመር፣ cold intolerance እና dry skin ስላለው፣ Levothyroxine dosage adjust ለማድረግ TSH እና free T4 እናዘዝ።,"Hypothyroidism, Levothyroxine, TSH",,verified,,,manual_review,"User-supplied benchmark evidence states transcripts, audio, and audio-transcript alignment were manually reviewed. Reviewer identity, review date, and underlying review logs were not supplied. Benchmark preparation: Ermias.",v1.0,Ermias
CS-59,CS-59.wav,Speaker-04,Critical Care / Infectious Disease,Amharic-English,,Hypotension እና tachycardia ስላለው immediate blood cultures ተቀብጠን IV broad-spectrum antibiotics እና 30ml/kg fluid bolus እንጀምራለን።,"Sepsis, Hypotension, Fluid bolus",,verified,,,manual_review,"User-supplied benchmark evidence states transcripts, audio, and audio-transcript alignment were manually reviewed. Reviewer identity, review date, and underlying review logs were not supplied. Benchmark preparation: Ermias.",v1.0,Ermias
CS-60,CS-60.wav,Speaker-04,Trauma / Critical Care,Amharic-English,,Total body surface area second-degree burn injury ስላለው Parkland formula በመጠቀም IV Ringer's Lactate resuscitation እና calculated analgesia እንጀምራለን።,"Burn injury, Parkland formula, Resuscitation",,verified,,,manual_review,"User-supplied benchmark evidence states transcripts, audio, and audio-transcript alignment were manually reviewed. Reviewer identity, review date, and underlying review logs were not supplied. Benchmark preparation: Ermias.",v1.0,Ermias
CS-61,CS-61.wav,Speaker-02,Tropical Medicine / Infectious Disease,Amharic-English,,ታካሚው ለ 7 ቀናት የሚቆይ high fever,"Dengue fever, Arthralgia, Retro-orbital pain",,verified,,,manual_review,"User-supplied benchmark evidence states transcripts, audio, and audio-transcript alignment were manually reviewed. Reviewer identity, review date, and underlying review logs were not supplied. Benchmark preparation: Ermias.",v1.0,Ermias
CS-62,CS-62.wav,Speaker-02,Rheumatology / Infectious Disease,Amharic-English,,በግራ ጉልበቱ ላይ acute swelling,"Septic arthritis, Joint aspiration",,verified,,,manual_review,"User-supplied benchmark evidence states transcripts, audio, and audio-transcript alignment were manually reviewed. Reviewer identity, review date, and underlying review logs were not supplied. Benchmark preparation: Ermias.",v1.0,Ermias
CS-63,CS-63.wav,Speaker-02,Dermatology / Tropical Medicine,Amharic-English,,የተቃጠለ ወይም የደነዘዘ የቆዳ ቁስል (hypopigmented patch with sensory loss) ስላለው፣ leprosy (Hansen's disease) suspect አድርገን skin slit smear እንልካለን።,"Leprosy, Skin slit smear",,verified,,,manual_review,"User-supplied benchmark evidence states transcripts, audio, and audio-transcript alignment were manually reviewed. Reviewer identity, review date, and underlying review logs were not supplied. Benchmark preparation: Ermias.",v1.0,Ermias
CS-64,CS-64.wav,Speaker-02,Pulmonology,Amharic-English,,ለወራት የቆየ dry cough እና progressive shortness of breath በ exertion ስላለው፣ high-resolution computed tomography (HRCT) chest እና pulmonary function test order እናድርግ።,"HRCT chest, Dyspnea on exertion",,verified,,,manual_review,"User-supplied benchmark evidence states transcripts, audio, and audio-transcript alignment were manually reviewed. Reviewer identity, review date, and underlying review logs were not supplied. Benchmark preparation: Ermias.",v1.0,Ermias
CS-65,CS-65.wav,Speaker-02,Rheumatology,Amharic-English,,የመገጣጠሚያ ህመም በተለይ በ (morning stiffness) ከ 1 ሰዓት በላይ የሚቆይባቸው አዛውንት ስለሆኑ፣ Rheumatoid factor እና Anti-CCP test እናዘዝ።,"Morning stiffness, Rheumatoid arthritis",,verified,,,manual_review,"User-supplied benchmark evidence states transcripts, audio, and audio-transcript alignment were manually reviewed. Reviewer identity, review date, and underlying review logs were not supplied. Benchmark preparation: Ermias.",v1.0,Ermias
CS-66,CS-66.wav,Speaker-02,Orthopedics / Infectious Disease,Amharic-English,,በግራ እግሩ tibia/fibula አካባቢ chronic bone infection (osteomyelitis) ስላለበት፣ deep bone biopsy for culture and sensitivity order እናድርግ።,"Osteomyelitis, Bone biopsy",,verified,,,manual_review,"User-supplied benchmark evidence states transcripts, audio, and audio-transcript alignment were manually reviewed. Reviewer identity, review date, and underlying review logs were not supplied. Benchmark preparation: Ermias.",v1.0,Ermias
CS-67,CS-67.wav,Speaker-02,Pharmacology / Neurology,Amharic-English,,ከባድ የጡንቻ ህመም (myalgia) እና dark-colored urine (myoglobinuria) ከ statin use በኋላ ስላጋጠመው፣ immediate serum creatine kinase (CK) level check እናድርግ።,"Statin-induced myopathy, CK levels",,verified,,,manual_review,"User-supplied benchmark evidence states transcripts, audio, and audio-transcript alignment were manually reviewed. Reviewer identity, review date, and underlying review logs were not supplied. Benchmark preparation: Ermias.",v1.0,Ermias
CS-68,CS-68.wav,Speaker-02,Dermatology / Infectious Disease,Amharic-English,,በግራ flank region ላይ የሚወጣ painful vesicular rash በጥንታዊ zoster (Herpes Zoster) መልክ ስላለው፣ Acyclovir 800mg 5 times daily ጀምርለት።,"Herpes Zoster, Acyclovir",,verified,,,manual_review,"User-supplied benchmark evidence states transcripts, audio, and audio-transcript alignment were manually reviewed. Reviewer identity, review date, and underlying review logs were not supplied. Benchmark preparation: Ermias.",v1.0,Ermias
CS-69,CS-69.wav,Speaker-02,Hematology,Amharic-English,,የታካሚው ፕሌትሌት ቁጥር (platelet count) በጣም ዝቅተኛ ስለሆነ እና spontaneous mucosal bleeding ስላለው፣ immediate hematology consultation እና platelet transfusion order እናድርግ።,"Thrombocytopenia, Bleeding",,verified,,,manual_review,"User-supplied benchmark evidence states transcripts, audio, and audio-transcript alignment were manually reviewed. Reviewer identity, review date, and underlying review logs were not supplied. Benchmark preparation: Ermias.",v1.0,Ermias
CS-70,CS-70.wav,Speaker-02,ENT / Infectious Disease,Amharic-English,,ከባድ የጉሮሮ ህመም (severe pharyngitis) ከ exudates ጋር እና cervical lymphadenopathy ስላለው፣ throat swab for rapid strep test እንወስዳለን።,"Pharyngitis, Strep test",,verified,,,manual_review,"User-supplied benchmark evidence states transcripts, audio, and audio-transcript alignment were manually reviewed. Reviewer identity, review date, and underlying review logs were not supplied. Benchmark preparation: Ermias.",v1.0,Ermias
CS-71,CS-71.wav,Speaker-02,Gastroenterology / Surgery,Amharic-English,,በቀኝ upper quadrant abdominal pain ከ fever እና jaundice ጋር (Charcot's triad) ስላለው፣ acute cholangitis suspect አድርገን abdominal ultrasound እና IV antibiotics እንጀምራለን።,"Cholangitis, Charcot's triad",,verified,,,manual_review,"User-supplied benchmark evidence states transcripts, audio, and audio-transcript alignment were manually reviewed. Reviewer identity, review date, and underlying review logs were not supplied. Benchmark preparation: Ermias.",v1.0,Ermias
CS-72,CS-72.wav,Speaker-02,Pulmonology,Amharic-English,,የመተንፈሻ አካል ችግር እና acute exacerbation of COPD ስላለው፣ Duolin (Salbutamol + Ipratropium) nebulization እና systemic corticosteroids 40mg PO ጀምር።,"COPD exacerbation, Duolin",,verified,,,manual_review,"User-supplied benchmark evidence states transcripts, audio, and audio-transcript alignment were manually reviewed. Reviewer identity, review date, and underlying review logs were not supplied. Benchmark preparation: Ermias.",v1.0,Ermias
CS-73,CS-73.wav,Speaker-02,Dermatology / Wound Care,Amharic-English,,ለረጅም ጊዜ በ bedridden ሁኔታ የቆየ ታካሚ ስለሆነ፣ sacral pressure ulcer stage III ስላለበት wound debridement እና daily dressing change order እናድርግ።,"Pressure ulcer, Debridement",,verified,,,manual_review,"User-supplied benchmark evidence states transcripts, audio, and audio-transcript alignment were manually reviewed. Reviewer identity, review date, and underlying review logs were not supplied. Benchmark preparation: Ermias.",v1.0,Ermias
CS-74,CS-74.wav,Speaker-02,Vascular Surgery / Emergency,Amharic-English,,በግራ እጁ ላይ sudden loss of sensation እና pallor ስላለው፣ acute limb ischemia rule out ለማድረግ urgent Doppler ultrasound order እናድርግ።,"Acute limb ischemia, Doppler",,verified,,,manual_review,"User-supplied benchmark evidence states transcripts, audio, and audio-transcript alignment were manually reviewed. Reviewer identity, review date, and underlying review logs were not supplied. Benchmark preparation: Ermias.",v1.0,Ermias
CS-75,CS-75.wav,Speaker-02,Hematology,Amharic-English,,ከፍተኛ የደም ማነስ (severe microcytic anemia,"Severe anemia, PRBC transfusion",,verified,,,manual_review,"User-supplied benchmark evidence states transcripts, audio, and audio-transcript alignment were manually reviewed. Reviewer identity, review date, and underlying review logs were not supplied. Benchmark preparation: Ermias.",v1.0,Ermias
CS-76,CS-76.wav,Speaker-02,Geriatrics / Neurology,Amharic-English,,በዕድሜ የገፉ አዛውንት ውስጥ sudden confusion እና memory decline (acute delirium) በመታየቱ፣ urinary tract infection እና electrolyte imbalance check ማድረግ አለብን።,"Acute delirium, Electrolyte imbalance",,verified,,,manual_review,"User-supplied benchmark evidence states transcripts, audio, and audio-transcript alignment were manually reviewed. Reviewer identity, review date, and underlying review logs were not supplied. Benchmark preparation: Ermias.",v1.0,Ermias
CS-77,CS-77.wav,Speaker-02,Neurology / Emergency,Amharic-English,,በግራ በኩል የሚከሰት facial drop,"Acute stroke, Facial drop",,verified,,,manual_review,"User-supplied benchmark evidence states transcripts, audio, and audio-transcript alignment were manually reviewed. Reviewer identity, review date, and underlying review logs were not supplied. Benchmark preparation: Ermias.",v1.0,Ermias
CS-78,CS-78.wav,Speaker-02,Nephrology / Critical Care,Amharic-English,,የታካሚው የሴረም ሶዲይም (serum sodium) መጠን 120 mEq/L ስለሆነ (severe hyponatremia)፣ 3% Normal Saline በቁጥጥር ስር እንሰጣለን።,"Severe hyponatremia, 3% Saline",,verified,,,manual_review,"User-supplied benchmark evidence states transcripts, audio, and audio-transcript alignment were manually reviewed. Reviewer identity, review date, and underlying review logs were not supplied. Benchmark preparation: Ermias.",v1.0,Ermias
CS-79,CS-79.wav,Speaker-02,General Surgery,Amharic-English,,በቀኝ lower quadrant የሚሰማ ከባድ ህመም ከ nausea እና low-grade fever ጋር ስላለው፣ Alvarado score calculate አድርገን surgical evaluation እንጠይቃለን።,"Appendicitis, Alvarado score",,verified,,,manual_review,"User-supplied benchmark evidence states transcripts, audio, and audio-transcript alignment were manually reviewed. Reviewer identity, review date, and underlying review logs were not supplied. Benchmark preparation: Ermias.",v1.0,Ermias
CS-80,CS-80.wav,Speaker-02,Cardiology / Emergency,Amharic-English,,የታካሚው የደም ግፊት በድንገት 220/120 mmHg ደርሶ encephalopathy ምልክቶች ስላሳየ (hypertensive emergency)፣ IV Labetalol infusion እንጀምራለን።,"Hypertensive emergency, Labetalol",,verified,,,manual_review,"User-supplied benchmark evidence states transcripts, audio, and audio-transcript alignment were manually reviewed. Reviewer identity, review date, and underlying review logs were not supplied. Benchmark preparation: Ermias.",v1.0,Ermias
CS-81,CS-81.wav,Speaker-02,Gastroenterology / Hepatology,Amharic-English,,ከፍተኛ የሆነ የጉበት ኢንዛይሞች (ALT/AST elevation) ከ acute viral hepatitis ጋር የተያያዘ ስለሆነ፣ HBsAg እና Anti-HCV screening test order አድርግ።,"Viral hepatitis, Liver enzymes",,verified,,,manual_review,"User-supplied benchmark evidence states transcripts, audio, and audio-transcript alignment were manually reviewed. Reviewer identity, review date, and underlying review logs were not supplied. Benchmark preparation: Ermias.",v1.0,Ermias
CS-82,CS-82.wav,Speaker-02,ENT / Oral Surgery,Amharic-English,,በግራ submandibular region ላይ painful swelling እና pus discharge ከ submandibular duct ስላለው፣ clindamycin 300mg PO QID order እንድርግ።,"Submandibular sialadenitis, Clindamycin",,verified,,,manual_review,"User-supplied benchmark evidence states transcripts, audio, and audio-transcript alignment were manually reviewed. Reviewer identity, review date, and underlying review logs were not supplied. Benchmark preparation: Ermias.",v1.0,Ermias
CS-83,CS-83.wav,Speaker-02,Pediatric Nephrology,Amharic-English,,ለከፍተኛ እብጠት (generalized edema) እና nephrotic range proteinuria የተጋለጠ ሕፃን ስለሆነ፣ 24-hour urine protein collection እና serum albumin level check እናድርግ።,"Nephrotic syndrome, Proteinuria",,verified,,,manual_review,"User-supplied benchmark evidence states transcripts, audio, and audio-transcript alignment were manually reviewed. Reviewer identity, review date, and underlying review logs were not supplied. Benchmark preparation: Ermias.",v1.0,Ermias
CS-84,CS-84.wav,Speaker-02,Hematology / Vascular Medicine,Amharic-English,,የቀኝ እግር deep vein thrombosis (DVT) በ ultrasound ስረጋገጥ፣ low molecular weight heparin (Enoxaparin) subcutaneous injection ጀምርለት።,"Deep Vein Thrombosis, Enoxaparin",,verified,,,manual_review,"User-supplied benchmark evidence states transcripts, audio, and audio-transcript alignment were manually reviewed. Reviewer identity, review date, and underlying review logs were not supplied. Benchmark preparation: Ermias.",v1.0,Ermias
CS-85,CS-85.wav,Speaker-02,ENT,Amharic-English,,ከባድ የጆሮ ኢንፌክሽን (chronic suppurative otitis media) በግራ ጆሮው ላይ ስላለው፣ ciprofloxacin ear drops እና aural toilet order እናድርግ።,"Otitis media, Ciprofloxacin drops",,verified,,,manual_review,"User-supplied benchmark evidence states transcripts, audio, and audio-transcript alignment were manually reviewed. Reviewer identity, review date, and underlying review logs were not supplied. Benchmark preparation: Ermias.",v1.0,Ermias
CS-86,CS-86.wav,Speaker-01,Endocrinology / Critical Care,Amharic-English,,የታካሚው የደም ስኳር መጠን 450 mg/dL ከ ketoacidosis ጋር በመሆኑ፣ regular insulin infusion እና aggressive fluid hydration እንጀምራለን።,"DKA, Insulin infusion",,verified,,,manual_review,"User-supplied benchmark evidence states transcripts, audio, and audio-transcript alignment were manually reviewed. Reviewer identity, review date, and underlying review logs were not supplied. Benchmark preparation: Ermias.",v1.0,Ermias
CS-87,CS-87.wav,Speaker-01,Obstetrics & Gynecology (OBGYN),Amharic-English,,ከፍተኛ የደም መፍሰስ ከ postpartum hemorrhage (PPH) ጋር የተያያዘ ስላደገ፣ bimanual compression እና Oxytocin infusion 20 units in normal saline እናድርግ።,"PPH, Oxytocin",,verified,,,manual_review,"User-supplied benchmark evidence states transcripts, audio, and audio-transcript alignment were manually reviewed. Reviewer identity, review date, and underlying review logs were not supplied. Benchmark preparation: Ermias.",v1.0,Ermias
CS-88,CS-88.wav,Speaker-01,Neurology / Emergency,Amharic-English,,በግራ እጁ ላይ sustained tonic-clonic seizure እንቅስቃሴ ስላሳየ፣ IV Diazepam 10mg slow push እና Levetiracetam loading dose እንሰጣለን።,"Status epilepticus, Diazepam",,verified,,,manual_review,"User-supplied benchmark evidence states transcripts, audio, and audio-transcript alignment were manually reviewed. Reviewer identity, review date, and underlying review logs were not supplied. Benchmark preparation: Ermias.",v1.0,Ermias
CS-89,CS-89.wav,Speaker-01,Gastroenterology / Parasitology,Amharic-English,,ለ 2 ሳምንታት የቆየ persistent watery diarrhea ከ abdominal cramps ጋር ስላለው፣ stool microscopy for Giardia lamblia trophozoites and cysts order እንድርግ።,"Giardiasis, Stool microscopy",,verified,,,manual_review,"User-supplied benchmark evidence states transcripts, audio, and audio-transcript alignment were manually reviewed. Reviewer identity, review date, and underlying review logs were not supplied. Benchmark preparation: Ermias.",v1.0,Ermias
CS-90,CS-90.wav,Speaker-01,Nephrology / Endocrinology,Amharic-English,,ከባድ የጡንቻ ድክመት እና hypokalemia (potassium level 2.6 mEq/L) ስላለው፣ oral potassium chloride (KCl) replacement syrup ጀምርለት።,"Hypokalemia, Potassium chloride",,verified,,,manual_review,"User-supplied benchmark evidence states transcripts, audio, and audio-transcript alignment were manually reviewed. Reviewer identity, review date, and underlying review logs were not supplied. Benchmark preparation: Ermias.",v1.0,Ermias
CS-91,CS-91.wav,Speaker-01,Orthopedics / Trauma,Amharic-English,,በአደጋ ምክንያት የግራ femur shaft fracture ስላለበት፣ traction splinting አድርገን preoperative orthopedic consultation እንጠይቃለን።,"Femur fracture, Traction splinting",,verified,,,manual_review,"User-supplied benchmark evidence states transcripts, audio, and audio-transcript alignment were manually reviewed. Reviewer identity, review date, and underlying review logs were not supplied. Benchmark preparation: Ermias.",v1.0,Ermias
CS-92,CS-92.wav,Speaker-01,Critical Care / Trauma,Amharic-English,,ከባድ የደረት ጉዳት (flail chest) እና subcutaneous emphysema ስላለው፣ mechanical ventilation support እና intensive care unit (ICU) admission እንሰጣለን።,"Flail chest, ICU admission",,verified,,,manual_review,"User-supplied benchmark evidence states transcripts, audio, and audio-transcript alignment were manually reviewed. Reviewer identity, review date, and underlying review logs were not supplied. Benchmark preparation: Ermias.",v1.0,Ermias
CS-93,CS-93.wav,Speaker-01,Ophthalmology / Emergency,Amharic-English,,የግራ eye chemical burn (alkali injury) ስላሰቃየው፣ immediate normal saline irrigation ለ 30 ደቂቃዎች እና ophthalmology evaluation order እናድርግ።,"Chemical eye burn, Irrigation",,verified,,,manual_review,"User-supplied benchmark evidence states transcripts, audio, and audio-transcript alignment were manually reviewed. Reviewer identity, review date, and underlying review logs were not supplied. Benchmark preparation: Ermias.",v1.0,Ermias
CS-94,CS-94.wav,Speaker-01,Critical Care / Emergency,Amharic-English,,የደም ግፊቱ በከፍተኛ ሁኔታ ቀንሶ (shock state) እና lactate level elevated ስለሆነ፣ central venous catheter (CVC) insertion እና vasopressor support (Norepinephrine) እንጀምራለን።,"Septic/Vasogenic shock, Norepinephrine",,verified,,,manual_review,"User-supplied benchmark evidence states transcripts, audio, and audio-transcript alignment were manually reviewed. Reviewer identity, review date, and underlying review logs were not supplied. Benchmark preparation: Ermias.",v1.0,Ermias
CS-95,CS-95.wav,Speaker-01,Pulmonology / Critical Care,Amharic-English,,በግራ chest wall ላይ የሚሰማ sharp pleuritic chest pain ከ diminished breath sounds ጋር ስላለው (pneumothorax)፣ emergency chest tube insertion order አድርግ።,"Pneumothorax, Chest tube",,verified,,,manual_review,"User-supplied benchmark evidence states transcripts, audio, and audio-transcript alignment were manually reviewed. Reviewer identity, review date, and underlying review logs were not supplied. Benchmark preparation: Ermias.",v1.0,Ermias
CS-96,CS-96.wav,Speaker-01,Endocrinology / Surgery,Amharic-English,,የአንገት እጢ (thyroid nodule) ባለበት ታካሚ ላይ fine-needle aspiration cytology (FNAC) እና thyroid profile lab test and order እንሰጣለን።,"Thyroid nodule, FNAC",,verified,,,manual_review,"User-supplied benchmark evidence states transcripts, audio, and audio-transcript alignment were manually reviewed. Reviewer identity, review date, and underlying review logs were not supplied. Benchmark preparation: Ermias.",v1.0,Ermias
CS-97,CS-97.wav,Speaker-01,Urology / Nephrology,Amharic-English,,ከባድ የኩላሊት ጠጠር (renal colic) እና unilateral flank pain ከ hematuria ጋር ስላለው፣ non-contrast CT KUB order አድርገን Diclofenac 75mg IM እንሰጣለን።,"Renal colic, CT KUB",,verified,,,manual_review,"User-supplied benchmark evidence states transcripts, audio, and audio-transcript alignment were manually reviewed. Reviewer identity, review date, and underlying review logs were not supplied. Benchmark preparation: Ermias.",v1.0,Ermias
CS-98,CS-98.wav,Speaker-01,Orthopedics / Surgery,Amharic-English,,በቀኝ እጅ አንጓ (wrist) ላይ open fracture ከ neurovascular deficit ጋር ስላለው፣ urgent orthopedic surgical debridement እና external fixation plan እንይ።,"Open wrist fracture, Surgical debridement",,verified,,,manual_review,"User-supplied benchmark evidence states transcripts, audio, and audio-transcript alignment were manually reviewed. Reviewer identity, review date, and underlying review logs were not supplied. Benchmark preparation: Ermias.",v1.0,Ermias
CS-99,CS-99.wav,Speaker-02,Psychiatry,Amharic-English,,የአእምሮ ህመም (schizophrenia exacerbation) እና auditory hallucinations ስላለው፣ Risperidone 2mg PO BID እና supportive psychiatric care ጀምር።,"Schizophrenia, Risperidone",,verified,,,manual_review,"User-supplied benchmark evidence states transcripts, audio, and audio-transcript alignment were manually reviewed. Reviewer identity, review date, and underlying review logs were not supplied. Benchmark preparation: Ermias.",v1.0,Ermias
CS-100,CS-100.wav,Speaker-02,Gastroenterology / Hepatology,Amharic-English,,የመጨረሻው ደረጃ የጉበት ከሰል (liver cirrhosis) እና ascites ስላለው፣ diagnostic paracentesis with ascitic fluid analysis እና Spironolactone 100mg PO daily ጀምር።,"Liver cirrhosis, Paracentesis",,verified,,,manual_review,"User-supplied benchmark evidence states transcripts, audio, and audio-transcript alignment were manually reviewed. Reviewer identity, review date, and underlying review logs were not supplied. Benchmark preparation: Ermias.",v1.0,Ermias
