case_id,audio_filename,raw_audio_present,cleaned_audio_present,audio_sha256_matches_manifest,duplicate_audio_payload_group,consent_obtained,de_identified,hosted_inference_approved,processing_status,skip_reason
CS-01,CS-01.wav,true,true,true,,unknown,unknown,unknown,skipped,"Skipped: hosted inference blocked. Consent, de-identification, and hosted-inference approval remain unknown for this case. A credential was found in tracked .env.example, has been removed from the template, and must be rotated; no usable key is configured in ignored .env. No provider request was made."
CS-02,CS-02.wav,true,true,true,,unknown,unknown,unknown,skipped,"Skipped: hosted inference blocked. Consent, de-identification, and hosted-inference approval remain unknown for this case. A credential was found in tracked .env.example, has been removed from the template, and must be rotated; no usable key is configured in ignored .env. No provider request was made."
CS-03,CS-03.wav,true,true,true,,unknown,unknown,unknown,skipped,"Skipped: hosted inference blocked. Consent, de-identification, and hosted-inference approval remain unknown for this case. A credential was found in tracked .env.example, has been removed from the template, and must be rotated; no usable key is configured in ignored .env. No provider request was made."
CS-04,CS-04.wav,true,true,true,,unknown,unknown,unknown,skipped,"Skipped: hosted inference blocked. Consent, de-identification, and hosted-inference approval remain unknown for this case. A credential was found in tracked .env.example, has been removed from the template, and must be rotated; no usable key is configured in ignored .env. No provider request was made."
CS-05,CS-05.wav,true,true,true,,unknown,unknown,unknown,skipped,"Skipped: hosted inference blocked. Consent, de-identification, and hosted-inference approval remain unknown for this case. A credential was found in tracked .env.example, has been removed from the template, and must be rotated; no usable key is configured in ignored .env. No provider request was made."
CS-06,CS-06.wav,true,true,true,,unknown,unknown,unknown,skipped,"Skipped: hosted inference blocked. Consent, de-identification, and hosted-inference approval remain unknown for this case. A credential was found in tracked .env.example, has been removed from the template, and must be rotated; no usable key is configured in ignored .env. No provider request was made."
CS-07,CS-07.wav,true,true,true,,unknown,unknown,unknown,skipped,"Skipped: hosted inference blocked. Consent, de-identification, and hosted-inference approval remain unknown for this case. A credential was found in tracked .env.example, has been removed from the template, and must be rotated; no usable key is configured in ignored .env. No provider request was made."
CS-08,CS-08.wav,true,true,true,,unknown,unknown,unknown,skipped,"Skipped: hosted inference blocked. Consent, de-identification, and hosted-inference approval remain unknown for this case. A credential was found in tracked .env.example, has been removed from the template, and must be rotated; no usable key is configured in ignored .env. No provider request was made."
CS-09,CS-09.wav,true,true,true,,unknown,unknown,unknown,skipped,"Skipped: hosted inference blocked. Consent, de-identification, and hosted-inference approval remain unknown for this case. A credential was found in tracked .env.example, has been removed from the template, and must be rotated; no usable key is configured in ignored .env. No provider request was made."
CS-10,CS-10.wav,true,true,true,,unknown,unknown,unknown,skipped,"Skipped: hosted inference blocked. Consent, de-identification, and hosted-inference approval remain unknown for this case. A credential was found in tracked .env.example, has been removed from the template, and must be rotated; no usable key is configured in ignored .env. No provider request was made."
CS-11,CS-11.wav,true,true,true,,unknown,unknown,unknown,skipped,"Skipped: hosted inference blocked. Consent, de-identification, and hosted-inference approval remain unknown for this case. A credential was found in tracked .env.example, has been removed from the template, and must be rotated; no usable key is configured in ignored .env. No provider request was made."
CS-12,CS-12.wav,true,true,true,,unknown,unknown,unknown,skipped,"Skipped: hosted inference blocked. Consent, de-identification, and hosted-inference approval remain unknown for this case. A credential was found in tracked .env.example, has been removed from the template, and must be rotated; no usable key is configured in ignored .env. No provider request was made."
CS-13,CS-13.wav,true,true,true,,unknown,unknown,unknown,skipped,"Skipped: hosted inference blocked. Consent, de-identification, and hosted-inference approval remain unknown for this case. A credential was found in tracked .env.example, has been removed from the template, and must be rotated; no usable key is configured in ignored .env. No provider request was made."
CS-14,CS-14.wav,true,true,true,,unknown,unknown,unknown,skipped,"Skipped: hosted inference blocked. Consent, de-identification, and hosted-inference approval remain unknown for this case. A credential was found in tracked .env.example, has been removed from the template, and must be rotated; no usable key is configured in ignored .env. No provider request was made."
CS-15,CS-15.wav,true,true,true,,unknown,unknown,unknown,skipped,"Skipped: hosted inference blocked. Consent, de-identification, and hosted-inference approval remain unknown for this case. A credential was found in tracked .env.example, has been removed from the template, and must be rotated; no usable key is configured in ignored .env. No provider request was made."
CS-16,CS-16.wav,true,true,true,,unknown,unknown,unknown,skipped,"Skipped: hosted inference blocked. Consent, de-identification, and hosted-inference approval remain unknown for this case. A credential was found in tracked .env.example, has been removed from the template, and must be rotated; no usable key is configured in ignored .env. No provider request was made."
CS-17,CS-17.wav,true,true,true,,unknown,unknown,unknown,skipped,"Skipped: hosted inference blocked. Consent, de-identification, and hosted-inference approval remain unknown for this case. A credential was found in tracked .env.example, has been removed from the template, and must be rotated; no usable key is configured in ignored .env. No provider request was made."
CS-18,CS-18.wav,true,true,true,,unknown,unknown,unknown,skipped,"Skipped: hosted inference blocked. Consent, de-identification, and hosted-inference approval remain unknown for this case. A credential was found in tracked .env.example, has been removed from the template, and must be rotated; no usable key is configured in ignored .env. No provider request was made."
CS-19,CS-19.wav,true,true,true,,unknown,unknown,unknown,skipped,"Skipped: hosted inference blocked. Consent, de-identification, and hosted-inference approval remain unknown for this case. A credential was found in tracked .env.example, has been removed from the template, and must be rotated; no usable key is configured in ignored .env. No provider request was made."
CS-20,CS-20.wav,true,true,true,,unknown,unknown,unknown,skipped,"Skipped: hosted inference blocked. Consent, de-identification, and hosted-inference approval remain unknown for this case. A credential was found in tracked .env.example, has been removed from the template, and must be rotated; no usable key is configured in ignored .env. No provider request was made."
CS-21,CS-21.wav,true,true,true,,unknown,unknown,unknown,skipped,"Skipped: hosted inference blocked. Consent, de-identification, and hosted-inference approval remain unknown for this case. A credential was found in tracked .env.example, has been removed from the template, and must be rotated; no usable key is configured in ignored .env. No provider request was made."
CS-22,CS-22.wav,true,true,true,,unknown,unknown,unknown,skipped,"Skipped: hosted inference blocked. Consent, de-identification, and hosted-inference approval remain unknown for this case. A credential was found in tracked .env.example, has been removed from the template, and must be rotated; no usable key is configured in ignored .env. No provider request was made."
CS-23,CS-23.wav,true,true,true,,unknown,unknown,unknown,skipped,"Skipped: hosted inference blocked. Consent, de-identification, and hosted-inference approval remain unknown for this case. A credential was found in tracked .env.example, has been removed from the template, and must be rotated; no usable key is configured in ignored .env. No provider request was made."
CS-24,CS-24.wav,true,true,true,CS-24.wav;CS-25.wav,unknown,unknown,unknown,skipped,"Skipped: hosted inference blocked. Consent, de-identification, and hosted-inference approval remain unknown for this case. A credential was found in tracked .env.example, has been removed from the template, and must be rotated; no usable key is configured in ignored .env. No provider request was made."
CS-25,CS-25.wav,true,true,true,CS-24.wav;CS-25.wav,unknown,unknown,unknown,skipped,"Skipped: hosted inference blocked. Consent, de-identification, and hosted-inference approval remain unknown for this case. A credential was found in tracked .env.example, has been removed from the template, and must be rotated; no usable key is configured in ignored .env. No provider request was made."
CS-26,CS-26.wav,true,true,true,,unknown,unknown,unknown,skipped,"Skipped: hosted inference blocked. Consent, de-identification, and hosted-inference approval remain unknown for this case. A credential was found in tracked .env.example, has been removed from the template, and must be rotated; no usable key is configured in ignored .env. No provider request was made."
CS-27,CS-27.wav,true,true,true,,unknown,unknown,unknown,skipped,"Skipped: hosted inference blocked. Consent, de-identification, and hosted-inference approval remain unknown for this case. A credential was found in tracked .env.example, has been removed from the template, and must be rotated; no usable key is configured in ignored .env. No provider request was made."
CS-28,CS-28.wav,true,true,true,,unknown,unknown,unknown,skipped,"Skipped: hosted inference blocked. Consent, de-identification, and hosted-inference approval remain unknown for this case. A credential was found in tracked .env.example, has been removed from the template, and must be rotated; no usable key is configured in ignored .env. No provider request was made."
CS-29,CS-29.wav,true,true,true,,unknown,unknown,unknown,skipped,"Skipped: hosted inference blocked. Consent, de-identification, and hosted-inference approval remain unknown for this case. A credential was found in tracked .env.example, has been removed from the template, and must be rotated; no usable key is configured in ignored .env. No provider request was made."
CS-30,CS-30.wav,true,true,true,,unknown,unknown,unknown,skipped,"Skipped: hosted inference blocked. Consent, de-identification, and hosted-inference approval remain unknown for this case. A credential was found in tracked .env.example, has been removed from the template, and must be rotated; no usable key is configured in ignored .env. No provider request was made."
CS-31,CS-31.wav,true,true,true,,unknown,unknown,unknown,skipped,"Skipped: hosted inference blocked. Consent, de-identification, and hosted-inference approval remain unknown for this case. A credential was found in tracked .env.example, has been removed from the template, and must be rotated; no usable key is configured in ignored .env. No provider request was made."
CS-32,CS-32.wav,true,true,true,,unknown,unknown,unknown,skipped,"Skipped: hosted inference blocked. Consent, de-identification, and hosted-inference approval remain unknown for this case. A credential was found in tracked .env.example, has been removed from the template, and must be rotated; no usable key is configured in ignored .env. No provider request was made."
CS-33,CS-33.wav,true,true,true,,unknown,unknown,unknown,skipped,"Skipped: hosted inference blocked. Consent, de-identification, and hosted-inference approval remain unknown for this case. A credential was found in tracked .env.example, has been removed from the template, and must be rotated; no usable key is configured in ignored .env. No provider request was made."
CS-34,CS-34.wav,true,true,true,,unknown,unknown,unknown,skipped,"Skipped: hosted inference blocked. Consent, de-identification, and hosted-inference approval remain unknown for this case. A credential was found in tracked .env.example, has been removed from the template, and must be rotated; no usable key is configured in ignored .env. No provider request was made."
CS-35,CS-35.wav,true,true,true,,unknown,unknown,unknown,skipped,"Skipped: hosted inference blocked. Consent, de-identification, and hosted-inference approval remain unknown for this case. A credential was found in tracked .env.example, has been removed from the template, and must be rotated; no usable key is configured in ignored .env. No provider request was made."
CS-36,CS-36.wav,true,true,true,,unknown,unknown,unknown,skipped,"Skipped: hosted inference blocked. Consent, de-identification, and hosted-inference approval remain unknown for this case. A credential was found in tracked .env.example, has been removed from the template, and must be rotated; no usable key is configured in ignored .env. No provider request was made."
CS-37,CS-37.wav,true,true,true,,unknown,unknown,unknown,skipped,"Skipped: hosted inference blocked. Consent, de-identification, and hosted-inference approval remain unknown for this case. A credential was found in tracked .env.example, has been removed from the template, and must be rotated; no usable key is configured in ignored .env. No provider request was made."
CS-38,CS-38.wav,true,true,true,,unknown,unknown,unknown,skipped,"Skipped: hosted inference blocked. Consent, de-identification, and hosted-inference approval remain unknown for this case. A credential was found in tracked .env.example, has been removed from the template, and must be rotated; no usable key is configured in ignored .env. No provider request was made."
CS-39,CS-39.wav,true,true,true,,unknown,unknown,unknown,skipped,"Skipped: hosted inference blocked. Consent, de-identification, and hosted-inference approval remain unknown for this case. A credential was found in tracked .env.example, has been removed from the template, and must be rotated; no usable key is configured in ignored .env. No provider request was made."
CS-40,CS-40.wav,true,true,true,,unknown,unknown,unknown,skipped,"Skipped: hosted inference blocked. Consent, de-identification, and hosted-inference approval remain unknown for this case. A credential was found in tracked .env.example, has been removed from the template, and must be rotated; no usable key is configured in ignored .env. No provider request was made."
CS-41,CS-41.wav,true,true,true,,unknown,unknown,unknown,skipped,"Skipped: hosted inference blocked. Consent, de-identification, and hosted-inference approval remain unknown for this case. A credential was found in tracked .env.example, has been removed from the template, and must be rotated; no usable key is configured in ignored .env. No provider request was made."
CS-42,CS-42.wav,true,true,true,,unknown,unknown,unknown,skipped,"Skipped: hosted inference blocked. Consent, de-identification, and hosted-inference approval remain unknown for this case. A credential was found in tracked .env.example, has been removed from the template, and must be rotated; no usable key is configured in ignored .env. No provider request was made."
CS-43,CS-43.wav,true,true,true,,unknown,unknown,unknown,skipped,"Skipped: hosted inference blocked. Consent, de-identification, and hosted-inference approval remain unknown for this case. A credential was found in tracked .env.example, has been removed from the template, and must be rotated; no usable key is configured in ignored .env. No provider request was made."
CS-44,CS-44.wav,true,true,true,,unknown,unknown,unknown,skipped,"Skipped: hosted inference blocked. Consent, de-identification, and hosted-inference approval remain unknown for this case. A credential was found in tracked .env.example, has been removed from the template, and must be rotated; no usable key is configured in ignored .env. No provider request was made."
CS-45,CS-45.wav,true,true,true,,unknown,unknown,unknown,skipped,"Skipped: hosted inference blocked. Consent, de-identification, and hosted-inference approval remain unknown for this case. A credential was found in tracked .env.example, has been removed from the template, and must be rotated; no usable key is configured in ignored .env. No provider request was made."
CS-46,CS-46.wav,true,true,true,,unknown,unknown,unknown,skipped,"Skipped: hosted inference blocked. Consent, de-identification, and hosted-inference approval remain unknown for this case. A credential was found in tracked .env.example, has been removed from the template, and must be rotated; no usable key is configured in ignored .env. No provider request was made."
CS-47,CS-47.wav,true,true,true,,unknown,unknown,unknown,skipped,"Skipped: hosted inference blocked. Consent, de-identification, and hosted-inference approval remain unknown for this case. A credential was found in tracked .env.example, has been removed from the template, and must be rotated; no usable key is configured in ignored .env. No provider request was made."
CS-48,CS-48.wav,true,true,true,,unknown,unknown,unknown,skipped,"Skipped: hosted inference blocked. Consent, de-identification, and hosted-inference approval remain unknown for this case. A credential was found in tracked .env.example, has been removed from the template, and must be rotated; no usable key is configured in ignored .env. No provider request was made."
CS-49,CS-49.wav,true,true,true,,unknown,unknown,unknown,skipped,"Skipped: hosted inference blocked. Consent, de-identification, and hosted-inference approval remain unknown for this case. A credential was found in tracked .env.example, has been removed from the template, and must be rotated; no usable key is configured in ignored .env. No provider request was made."
CS-50,CS-50.wav,true,true,true,,unknown,unknown,unknown,skipped,"Skipped: hosted inference blocked. Consent, de-identification, and hosted-inference approval remain unknown for this case. A credential was found in tracked .env.example, has been removed from the template, and must be rotated; no usable key is configured in ignored .env. No provider request was made."
CS-51,CS-51.wav,true,true,true,,unknown,unknown,unknown,skipped,"Skipped: hosted inference blocked. Consent, de-identification, and hosted-inference approval remain unknown for this case. A credential was found in tracked .env.example, has been removed from the template, and must be rotated; no usable key is configured in ignored .env. No provider request was made."
CS-52,CS-52.wav,true,true,true,,unknown,unknown,unknown,skipped,"Skipped: hosted inference blocked. Consent, de-identification, and hosted-inference approval remain unknown for this case. A credential was found in tracked .env.example, has been removed from the template, and must be rotated; no usable key is configured in ignored .env. No provider request was made."
CS-53,CS-53.wav,true,true,true,,unknown,unknown,unknown,skipped,"Skipped: hosted inference blocked. Consent, de-identification, and hosted-inference approval remain unknown for this case. A credential was found in tracked .env.example, has been removed from the template, and must be rotated; no usable key is configured in ignored .env. No provider request was made."
CS-54,CS-54.wav,true,true,true,,unknown,unknown,unknown,skipped,"Skipped: hosted inference blocked. Consent, de-identification, and hosted-inference approval remain unknown for this case. A credential was found in tracked .env.example, has been removed from the template, and must be rotated; no usable key is configured in ignored .env. No provider request was made."
CS-55,CS-55.wav,true,true,true,,unknown,unknown,unknown,skipped,"Skipped: hosted inference blocked. Consent, de-identification, and hosted-inference approval remain unknown for this case. A credential was found in tracked .env.example, has been removed from the template, and must be rotated; no usable key is configured in ignored .env. No provider request was made."
CS-56,CS-56.wav,true,true,true,,unknown,unknown,unknown,skipped,"Skipped: hosted inference blocked. Consent, de-identification, and hosted-inference approval remain unknown for this case. A credential was found in tracked .env.example, has been removed from the template, and must be rotated; no usable key is configured in ignored .env. No provider request was made."
CS-57,CS-57.wav,true,true,true,,unknown,unknown,unknown,skipped,"Skipped: hosted inference blocked. Consent, de-identification, and hosted-inference approval remain unknown for this case. A credential was found in tracked .env.example, has been removed from the template, and must be rotated; no usable key is configured in ignored .env. No provider request was made."
CS-58,CS-58.wav,true,true,true,,unknown,unknown,unknown,skipped,"Skipped: hosted inference blocked. Consent, de-identification, and hosted-inference approval remain unknown for this case. A credential was found in tracked .env.example, has been removed from the template, and must be rotated; no usable key is configured in ignored .env. No provider request was made."
CS-59,CS-59.wav,true,true,true,,unknown,unknown,unknown,skipped,"Skipped: hosted inference blocked. Consent, de-identification, and hosted-inference approval remain unknown for this case. A credential was found in tracked .env.example, has been removed from the template, and must be rotated; no usable key is configured in ignored .env. No provider request was made."
CS-60,CS-60.wav,true,true,true,,unknown,unknown,unknown,skipped,"Skipped: hosted inference blocked. Consent, de-identification, and hosted-inference approval remain unknown for this case. A credential was found in tracked .env.example, has been removed from the template, and must be rotated; no usable key is configured in ignored .env. No provider request was made."
CS-61,CS-61.wav,true,true,true,,unknown,unknown,unknown,skipped,"Skipped: hosted inference blocked. Consent, de-identification, and hosted-inference approval remain unknown for this case. A credential was found in tracked .env.example, has been removed from the template, and must be rotated; no usable key is configured in ignored .env. No provider request was made."
CS-62,CS-62.wav,true,true,true,,unknown,unknown,unknown,skipped,"Skipped: hosted inference blocked. Consent, de-identification, and hosted-inference approval remain unknown for this case. A credential was found in tracked .env.example, has been removed from the template, and must be rotated; no usable key is configured in ignored .env. No provider request was made."
CS-63,CS-63.wav,true,true,true,,unknown,unknown,unknown,skipped,"Skipped: hosted inference blocked. Consent, de-identification, and hosted-inference approval remain unknown for this case. A credential was found in tracked .env.example, has been removed from the template, and must be rotated; no usable key is configured in ignored .env. No provider request was made."
CS-64,CS-64.wav,true,true,true,,unknown,unknown,unknown,skipped,"Skipped: hosted inference blocked. Consent, de-identification, and hosted-inference approval remain unknown for this case. A credential was found in tracked .env.example, has been removed from the template, and must be rotated; no usable key is configured in ignored .env. No provider request was made."
CS-65,CS-65.wav,true,true,true,,unknown,unknown,unknown,skipped,"Skipped: hosted inference blocked. Consent, de-identification, and hosted-inference approval remain unknown for this case. A credential was found in tracked .env.example, has been removed from the template, and must be rotated; no usable key is configured in ignored .env. No provider request was made."
CS-66,CS-66.wav,true,true,true,,unknown,unknown,unknown,skipped,"Skipped: hosted inference blocked. Consent, de-identification, and hosted-inference approval remain unknown for this case. A credential was found in tracked .env.example, has been removed from the template, and must be rotated; no usable key is configured in ignored .env. No provider request was made."
CS-67,CS-67.wav,true,true,true,,unknown,unknown,unknown,skipped,"Skipped: hosted inference blocked. Consent, de-identification, and hosted-inference approval remain unknown for this case. A credential was found in tracked .env.example, has been removed from the template, and must be rotated; no usable key is configured in ignored .env. No provider request was made."
CS-68,CS-68.wav,true,true,true,,unknown,unknown,unknown,skipped,"Skipped: hosted inference blocked. Consent, de-identification, and hosted-inference approval remain unknown for this case. A credential was found in tracked .env.example, has been removed from the template, and must be rotated; no usable key is configured in ignored .env. No provider request was made."
CS-69,CS-69.wav,true,true,true,,unknown,unknown,unknown,skipped,"Skipped: hosted inference blocked. Consent, de-identification, and hosted-inference approval remain unknown for this case. A credential was found in tracked .env.example, has been removed from the template, and must be rotated; no usable key is configured in ignored .env. No provider request was made."
CS-70,CS-70.wav,true,true,true,,unknown,unknown,unknown,skipped,"Skipped: hosted inference blocked. Consent, de-identification, and hosted-inference approval remain unknown for this case. A credential was found in tracked .env.example, has been removed from the template, and must be rotated; no usable key is configured in ignored .env. No provider request was made."
CS-71,CS-71.wav,true,true,true,,unknown,unknown,unknown,skipped,"Skipped: hosted inference blocked. Consent, de-identification, and hosted-inference approval remain unknown for this case. A credential was found in tracked .env.example, has been removed from the template, and must be rotated; no usable key is configured in ignored .env. No provider request was made."
CS-72,CS-72.wav,true,true,true,,unknown,unknown,unknown,skipped,"Skipped: hosted inference blocked. Consent, de-identification, and hosted-inference approval remain unknown for this case. A credential was found in tracked .env.example, has been removed from the template, and must be rotated; no usable key is configured in ignored .env. No provider request was made."
CS-73,CS-73.wav,true,true,true,,unknown,unknown,unknown,skipped,"Skipped: hosted inference blocked. Consent, de-identification, and hosted-inference approval remain unknown for this case. A credential was found in tracked .env.example, has been removed from the template, and must be rotated; no usable key is configured in ignored .env. No provider request was made."
CS-74,CS-74.wav,true,true,true,,unknown,unknown,unknown,skipped,"Skipped: hosted inference blocked. Consent, de-identification, and hosted-inference approval remain unknown for this case. A credential was found in tracked .env.example, has been removed from the template, and must be rotated; no usable key is configured in ignored .env. No provider request was made."
CS-75,CS-75.wav,true,true,true,,unknown,unknown,unknown,skipped,"Skipped: hosted inference blocked. Consent, de-identification, and hosted-inference approval remain unknown for this case. A credential was found in tracked .env.example, has been removed from the template, and must be rotated; no usable key is configured in ignored .env. No provider request was made."
CS-76,CS-76.wav,true,true,true,,unknown,unknown,unknown,skipped,"Skipped: hosted inference blocked. Consent, de-identification, and hosted-inference approval remain unknown for this case. A credential was found in tracked .env.example, has been removed from the template, and must be rotated; no usable key is configured in ignored .env. No provider request was made."
CS-77,CS-77.wav,true,true,true,,unknown,unknown,unknown,skipped,"Skipped: hosted inference blocked. Consent, de-identification, and hosted-inference approval remain unknown for this case. A credential was found in tracked .env.example, has been removed from the template, and must be rotated; no usable key is configured in ignored .env. No provider request was made."
CS-78,CS-78.wav,true,true,true,,unknown,unknown,unknown,skipped,"Skipped: hosted inference blocked. Consent, de-identification, and hosted-inference approval remain unknown for this case. A credential was found in tracked .env.example, has been removed from the template, and must be rotated; no usable key is configured in ignored .env. No provider request was made."
CS-79,CS-79.wav,true,true,true,,unknown,unknown,unknown,skipped,"Skipped: hosted inference blocked. Consent, de-identification, and hosted-inference approval remain unknown for this case. A credential was found in tracked .env.example, has been removed from the template, and must be rotated; no usable key is configured in ignored .env. No provider request was made."
CS-80,CS-80.wav,true,true,true,,unknown,unknown,unknown,skipped,"Skipped: hosted inference blocked. Consent, de-identification, and hosted-inference approval remain unknown for this case. A credential was found in tracked .env.example, has been removed from the template, and must be rotated; no usable key is configured in ignored .env. No provider request was made."
CS-81,CS-81.wav,true,true,true,,unknown,unknown,unknown,skipped,"Skipped: hosted inference blocked. Consent, de-identification, and hosted-inference approval remain unknown for this case. A credential was found in tracked .env.example, has been removed from the template, and must be rotated; no usable key is configured in ignored .env. No provider request was made."
CS-82,CS-82.wav,true,true,true,,unknown,unknown,unknown,skipped,"Skipped: hosted inference blocked. Consent, de-identification, and hosted-inference approval remain unknown for this case. A credential was found in tracked .env.example, has been removed from the template, and must be rotated; no usable key is configured in ignored .env. No provider request was made."
CS-83,CS-83.wav,true,true,true,,unknown,unknown,unknown,skipped,"Skipped: hosted inference blocked. Consent, de-identification, and hosted-inference approval remain unknown for this case. A credential was found in tracked .env.example, has been removed from the template, and must be rotated; no usable key is configured in ignored .env. No provider request was made."
CS-84,CS-84.wav,true,true,true,,unknown,unknown,unknown,skipped,"Skipped: hosted inference blocked. Consent, de-identification, and hosted-inference approval remain unknown for this case. A credential was found in tracked .env.example, has been removed from the template, and must be rotated; no usable key is configured in ignored .env. No provider request was made."
CS-85,CS-85.wav,true,true,true,,unknown,unknown,unknown,skipped,"Skipped: hosted inference blocked. Consent, de-identification, and hosted-inference approval remain unknown for this case. A credential was found in tracked .env.example, has been removed from the template, and must be rotated; no usable key is configured in ignored .env. No provider request was made."
CS-86,CS-86.wav,true,true,true,,unknown,unknown,unknown,skipped,"Skipped: hosted inference blocked. Consent, de-identification, and hosted-inference approval remain unknown for this case. A credential was found in tracked .env.example, has been removed from the template, and must be rotated; no usable key is configured in ignored .env. No provider request was made."
CS-87,CS-87.wav,true,true,true,,unknown,unknown,unknown,skipped,"Skipped: hosted inference blocked. Consent, de-identification, and hosted-inference approval remain unknown for this case. A credential was found in tracked .env.example, has been removed from the template, and must be rotated; no usable key is configured in ignored .env. No provider request was made."
CS-88,CS-88.wav,true,true,true,,unknown,unknown,unknown,skipped,"Skipped: hosted inference blocked. Consent, de-identification, and hosted-inference approval remain unknown for this case. A credential was found in tracked .env.example, has been removed from the template, and must be rotated; no usable key is configured in ignored .env. No provider request was made."
CS-89,CS-89.wav,true,true,true,,unknown,unknown,unknown,skipped,"Skipped: hosted inference blocked. Consent, de-identification, and hosted-inference approval remain unknown for this case. A credential was found in tracked .env.example, has been removed from the template, and must be rotated; no usable key is configured in ignored .env. No provider request was made."
CS-90,CS-90.wav,true,true,true,,unknown,unknown,unknown,skipped,"Skipped: hosted inference blocked. Consent, de-identification, and hosted-inference approval remain unknown for this case. A credential was found in tracked .env.example, has been removed from the template, and must be rotated; no usable key is configured in ignored .env. No provider request was made."
CS-91,CS-91.wav,true,true,true,,unknown,unknown,unknown,skipped,"Skipped: hosted inference blocked. Consent, de-identification, and hosted-inference approval remain unknown for this case. A credential was found in tracked .env.example, has been removed from the template, and must be rotated; no usable key is configured in ignored .env. No provider request was made."
CS-92,CS-92.wav,true,true,true,,unknown,unknown,unknown,skipped,"Skipped: hosted inference blocked. Consent, de-identification, and hosted-inference approval remain unknown for this case. A credential was found in tracked .env.example, has been removed from the template, and must be rotated; no usable key is configured in ignored .env. No provider request was made."
CS-93,CS-93.wav,true,true,true,,unknown,unknown,unknown,skipped,"Skipped: hosted inference blocked. Consent, de-identification, and hosted-inference approval remain unknown for this case. A credential was found in tracked .env.example, has been removed from the template, and must be rotated; no usable key is configured in ignored .env. No provider request was made."
CS-94,CS-94.wav,true,true,true,,unknown,unknown,unknown,skipped,"Skipped: hosted inference blocked. Consent, de-identification, and hosted-inference approval remain unknown for this case. A credential was found in tracked .env.example, has been removed from the template, and must be rotated; no usable key is configured in ignored .env. No provider request was made."
CS-95,CS-95.wav,true,true,true,,unknown,unknown,unknown,skipped,"Skipped: hosted inference blocked. Consent, de-identification, and hosted-inference approval remain unknown for this case. A credential was found in tracked .env.example, has been removed from the template, and must be rotated; no usable key is configured in ignored .env. No provider request was made."
CS-96,CS-96.wav,true,true,true,,unknown,unknown,unknown,skipped,"Skipped: hosted inference blocked. Consent, de-identification, and hosted-inference approval remain unknown for this case. A credential was found in tracked .env.example, has been removed from the template, and must be rotated; no usable key is configured in ignored .env. No provider request was made."
CS-97,CS-97.wav,true,true,true,,unknown,unknown,unknown,skipped,"Skipped: hosted inference blocked. Consent, de-identification, and hosted-inference approval remain unknown for this case. A credential was found in tracked .env.example, has been removed from the template, and must be rotated; no usable key is configured in ignored .env. No provider request was made."
CS-98,CS-98.wav,true,true,true,,unknown,unknown,unknown,skipped,"Skipped: hosted inference blocked. Consent, de-identification, and hosted-inference approval remain unknown for this case. A credential was found in tracked .env.example, has been removed from the template, and must be rotated; no usable key is configured in ignored .env. No provider request was made."
CS-99,CS-99.wav,true,true,true,,unknown,unknown,unknown,skipped,"Skipped: hosted inference blocked. Consent, de-identification, and hosted-inference approval remain unknown for this case. A credential was found in tracked .env.example, has been removed from the template, and must be rotated; no usable key is configured in ignored .env. No provider request was made."
CS-100,CS-100.wav,true,true,true,,unknown,unknown,unknown,skipped,"Skipped: hosted inference blocked. Consent, de-identification, and hosted-inference approval remain unknown for this case. A credential was found in tracked .env.example, has been removed from the template, and must be rotated; no usable key is configured in ignored .env. No provider request was made."
