case_id,prediction,latency_ms,processing_status,model_version
CS-01,,,skipped,
CS-02,,,skipped,
CS-03,,,skipped,
CS-04,,,skipped,
CS-05,,,skipped,
CS-06,,,skipped,
CS-07,,,skipped,
CS-08,,,skipped,
CS-09,,,skipped,
CS-10,,,skipped,
CS-11,,,skipped,
CS-12,,,skipped,
CS-13,,,skipped,
CS-14,,,skipped,
CS-15,,,skipped,
CS-16,,,skipped,
CS-17,,,skipped,
CS-18,,,skipped,
CS-19,,,skipped,
CS-20,,,skipped,
CS-21,,,skipped,
CS-22,,,skipped,
CS-23,,,skipped,
CS-24,,,skipped,
CS-25,,,skipped,
CS-26,,,skipped,
CS-27,,,skipped,
CS-28,,,skipped,
CS-29,,,skipped,
CS-30,,,skipped,
CS-31,,,skipped,
CS-32,,,skipped,
CS-33,,,skipped,
CS-34,,,skipped,
CS-35,,,skipped,
CS-36,,,skipped,
CS-37,,,skipped,
CS-38,,,skipped,
CS-39,,,skipped,
CS-40,,,skipped,
CS-41,,,skipped,
CS-42,,,skipped,
CS-43,,,skipped,
CS-44,,,skipped,
CS-45,,,skipped,
CS-46,,,skipped,
CS-47,,,skipped,
CS-48,,,skipped,
CS-49,,,skipped,
CS-50,,,skipped,
CS-51,,,skipped,
CS-52,,,skipped,
CS-53,,,skipped,
CS-54,,,skipped,
CS-55,,,skipped,
CS-56,,,skipped,
CS-57,,,skipped,
CS-58,,,skipped,
CS-59,,,skipped,
CS-60,,,skipped,
CS-61,,,skipped,
CS-62,,,skipped,
CS-63,,,skipped,
CS-64,,,skipped,
CS-65,,,skipped,
CS-66,,,skipped,
CS-67,,,skipped,
CS-68,,,skipped,
CS-69,,,skipped,
CS-70,,,skipped,
CS-71,,,skipped,
CS-72,,,skipped,
CS-73,,,skipped,
CS-74,,,skipped,
CS-75,,,skipped,
CS-76,,,skipped,
CS-77,,,skipped,
CS-78,,,skipped,
CS-79,,,skipped,
CS-80,,,skipped,
CS-81,,,skipped,
CS-82,,,skipped,
CS-83,,,skipped,
CS-84,,,skipped,
CS-85,,,skipped,
CS-86,,,skipped,
CS-87,,,skipped,
CS-88,,,skipped,
CS-89,,,skipped,
CS-90,,,skipped,
CS-91,,,skipped,
CS-92,,,skipped,
CS-93,,,skipped,
CS-94,,,skipped,
CS-95,,,skipped,
CS-96,,,skipped,
CS-97,,,skipped,
CS-98,,,skipped,
CS-99,,,skipped,
CS-100,,,skipped,
